date,WTI_open,WTI_high,WTI_low,WTI_close,WTI_volume,Brent_open,Brent_high,Brent_low,Brent_close,Brent_volume,news_sentiment,news_count,tanker_rate_index,floating_storage_index,chokepoint_risk_score,WTI_close_ret1,WTI_close_ma5,WTI_close_ma20,WTI_close_vol10,Brent_close_ret1,Brent_close_ma5,Brent_close_ma20,Brent_close_vol10,WTI_volume_ma5,dow,month
2022-12-16,71.36647326291033,72.69688749211262,70.29688749211262,71.49688749211262,419805,73.36840843532819,74.36840843532819,72.36840843532819,73.36840843532819,339798,-0.10688862033238004,10,106.83628729479722,44.45289484780379,0.3600531274941279,0.0009897876072959555,71.29412575094152,70.57432012379437,0.002219035963138762,-0.024930005634252073,74.60682813564014,73.69535050107787,0.01200307486287791,302888.4,4,12
2022-12-19,70.48378385746085,72.73762855126806,70.33762855126805,71.53762855126806,187528,74.34688462209098,75.34688462209098,73.34688462209098,74.34688462209098,90787,-0.14278397858993433,19,90.88688511266328,51.043209532435036,0.5270980891724625,0.0005698298287450942,71.37864758940056,70.64791060689642,0.0021486318290642324,0.01333647829672202,74.51430025730122,73.74771303656146,0.01251171780758263,241114.0,0,12
2022-12-20,71.85498794180594,72.67036983778739,70.27036983778738,71.47036983778739,454969,73.95016668399333,74.95016668399333,72.95016668399333,73.95016668399333,323176,-0.4437357611446817,14,117.31428751032344,51.011590902791774,0.6957836634751596,-0.0009401865122278252,71.41705442770039,70.72492590401625,0.0021757276128267005,-0.005336039836964068,74.27631025405466,73.79564158047982,0.012069524921695541,289365.4,1,12
2022-12-21,72.42423648990658,73.01337215679779,70.61337215679778,71.81337215679778,161674,74.88490767347422,75.88490767347422,73.88490767347422,74.88490767347422,172381,0.3490228923111859,1,105.36301432208273,45.943518326066254,0.31716969465823885,0.004799224067104868,71.54888975433077,70.80654456003275,0.002453779997463777,0.012640147161199211,74.35892307516524,73.88526028702769,0.012690902488692524,288757.8,2,12
2022-12-22,72.18027872841824,73.05799952242626,70.65799952242625,71.85799952242625,119550,74.5151299909082,75.5151299909082,73.5151299909082,74.5151299909082,302576,0.2420613980928235,4,96.14161225388378,49.1253505899808,0.47765198770724915,0.0006214353161280162,71.63525151207843,70.8757989892037,0.002208935438392383,-0.0049379466978630715,74.21309948115899,73.88972295640825,0.012681961535265573,268705.2,3,12
2022-12-23,71.40269905704433,73.04252027072809,70.64252027072808,71.84252027072809,187743,74.74282556555825,75.74282556555825,73.74282556555825,74.74282556555825,140189,0.6044513840291115,8,93.31729994694702,40.106671665553215,0.817102850332752,-0.0002154144535200242,71.70437806780151,70.96091971885241,0.002182955229508915,0.003055695865763486,74.487982907205,73.98852517415733,0.011678694427470817,222292.8,4,12
2022-12-26,72.17939196001878,73.0424947631849,70.6424947631849,71.8424947631849,401636,75.97179969130733,76.97179969130733,74.97179969130733,75.97179969130733,124481,-0.34738083805453146,5,102.56783781513857,54.631883739166234,0.7453556652802635,-3.550480006664358e-07,71.76535131018488,71.05568056205554,0.002059270791452323,0.016442703583250617,74.81296592104826,74.07794231865087,0.012787821224020144,265114.4,0,12
2022-12-27,72.46273197531002,73.23246712132931,70.8324671213293,72.0324671213293,340911,74.93063524347708,75.93063524347708,73.93063524347708,74.93063524347708,332255,0.3645427018697774,3,83.28940915161544,46.146603701639165,0.8084494114928407,0.0026442895499467767,71.87777076689326,71.15414814798923,0.002085984580379033,-0.01370461739830775,75.00905963294501,74.17808125416879,0.013604745791437244,242302.8,1,12
2022-12-28,72.96472593955929,73.38531781565975,70.98531781565974,72.18531781565974,241890,75.43359320597388,76.43359320597388,74.43359320597388,75.43359320597388,338506,0.017533879591531847,19,106.99673275352862,49.8267182429351,0.987340163627656,0.002121969445708194,71.95215989866566,71.25927561901447,0.0018555283606732122,0.006712314140437936,75.11879673944495,74.33393298805882,0.013389499051659605,258346.0,2,12
2022-12-29,71.9092125768191,73.54726753893308,71.14726753893308,72.34726753893308,362414,75.20790594097853,76.20790594097853,74.20790594097853,75.20790594097853,394024,0.20152505420003408,17,90.46429185305973,42.866532893511106,0.370327474936179,0.002243527190486372,72.05001350196702,71.36829926007923,0.0016901833828804611,-0.0029918668248919422,75.25735192945902,74.433890961796,0.013053357630452211,306918.8,3,12
2022-12-30,72.39874581633947,73.71197310861155,71.31197310861154,72.51197310861154,359438,75.55740108138565,76.55740108138565,74.55740108138565,75.55740108138565,296696,-0.41194428527611776,9,103.70608108824287,47.08823200269213,0.7470912629357731,0.0022765969646307838,72.18390406954371,71.49040575065862,0.0017141598335790407,0.004647053205834473,75.42026703262448,74.59055620702367,0.009686325296471864,341257.8,4,12
2023-01-02,73.41866662247273,74.245030596901,71.845030596901,73.045030596901,321888,76.04864060516265,77.04864060516265,75.04864060516265,76.04864060516265,229081,0.3670204556663243,5,94.78379662641841,48.60204423241236,0.6027845671019829,0.007351303039168755,72.42441123628694,71.62532193499176,0.0025035771004176025,0.0065015407722648355,75.43563521539556,74.74820556720428,0.009098134297333036,325308.2,0,1
2023-01-03,73.05519017463199,74.2264851389129,71.8264851389129,73.0264851389129,305619,76.2954795784968,77.2954795784968,75.2954795784968,76.2954795784968,142348,0.1966291878329576,4,97.35581287275296,49.94354576519585,0.6666047672211963,-0.00025389075528547966,72.62321483980365,71.74658677777323,0.0024192618267641843,0.0032458038877474227,75.7086040823995,74.87100913296449,0.008693262515561203,318249.8,1,1
2023-01-04,72.42516148173121,74.18382528275684,71.78382528275684,72.98382528275684,140597,76.68300980408515,77.68300980408515,75.68300980408515,76.68300980408515,174469,-0.009727508696554381,18,92.43090127234935,52.39866257761256,0.7398739048329345,-0.0005841696485174852,72.78291633322307,71.8607054824254,0.002364791237962831,0.005079334027773497,75.95848740202175,75.00341960102358,0.008084730154947393,297991.2,2,1
2023-01-05,73.08205390581719,74.07474576330384,71.67474576330383,72.87474576330384,203896,76.86318216186584,77.86318216186584,75.86318216186584,76.86318216186584,287390,0.16127817191528035,7,98.38770568819199,57.1953754174311,0.7497313169463148,-0.0014945711468316025,72.88841197809722,71.95292201761976,0.002551427736914246,0.0023495733701768273,76.28954264619922,75.16372298715365,0.007666950320188022,266287.6,3,1
2023-01-06,73.36250140722183,74.27317059031425,71.87317059031425,73.07317059031425,311078,76.25894263945975,77.25894263945975,75.25894263945975,76.25894263945975,190752,-0.1913738252605623,1,118.89379546017354,53.66355471384678,0.8857451492948196,0.0027228201612516933,73.00065147443777,72.04576484068113,0.002512470019522647,-0.007861234799433903,76.42985095781404,75.23623225832091,0.00841958616888746,256615.6,4,1
2023-01-09,73.42502892555844,74.58104747739294,72.18104747739294,73.38104747739294,154088,76.7347756090143,77.7347756090143,75.7347756090143,76.7347756090143,234723,-0.14486002139542484,8,113.8505962704864,54.81082271573123,0.3493216752360554,0.004213268489536404,73.06785485053615,72.15906624660212,0.0025481847067014246,0.00623970059228629,76.56707795858435,75.33249483808235,0.006974846978133468,223055.6,0,1
2023-01-10,73.5288601491406,74.61906768555063,72.21906768555063,73.41906768555063,290335,75.72854898003929,76.72854898003929,74.72854898003929,75.72854898003929,133780,-0.11586115340634906,9,103.54478954995457,57.23052054971569,0.6534813561119106,0.0005181202703519183,73.1463713598637,72.26610284856525,0.0025883453052013322,-0.013113045825559277,76.45369183889287,75.36191645207302,0.006837218098649317,219998.8,1,1
2023-01-11,73.16945685332107,74.49880980416394,72.09880980416393,73.29880980416394,146778,76.24608375871456,77.24608375871456,75.24608375871456,76.24608375871456,220592,-0.4631819654225695,12,99.74705734435048,52.84853940761349,0.28029043159685585,-0.0016379652476894435,73.20936826414513,72.37333356259116,0.0028173363798290035,0.006834077579007669,76.36630662981875,75.45062846161268,0.006848460509531246,221235.0,2,1
2023-01-12,73.91963007685716,74.38049060899914,71.98049060899913,73.18049060899914,414893,76.7446642879293,77.7446642879293,75.7446642879293,76.7446642879293,156151,0.21543962355084179,7,108.44201190692885,49.81646402190502,0.5945687051169751,-0.0016142034977227881,73.27051723328418,72.46104855635672,0.002969616695126272,0.006539096890438634,76.34260305503145,75.52564927796216,0.006879929145435546,263434.4,3,1
2023-01-13,72.9289646223085,74.57931071416483,72.17931071416483,73.37931071416483,141329,76.89889189721512,77.89889189721512,75.89889189721512,76.89889189721512,115879,0.29789840354564157,18,111.29970394107556,55.04555953127527,0.7511751401719279,0.002716845753713004,73.3317452580543,72.55516971745932,0.0029913625623323612,0.002009619961424347,76.47059290658251,75.70217345105651,0.006819433568839572,229484.6,4,1
2023-01-16,73.30297982731018,74.79664020869207,72.39664020869206,73.59664020869207,137015,76.72360604836909,77.72360604836909,75.72360604836909,76.72360604836909,122223,-0.1753360374409604,13,91.70181617792471,55.36504642980828,0.7910010861616403,0.0029617271191575423,73.37486380431412,72.65812030033052,0.002206499142935069,-0.002279432700802997,76.46835899445348,75.82100952237042,0.006708705229720451,226070.0,0,1
2023-01-17,73.77470736990048,74.96921461313673,72.56921461313672,73.76921461313673,355116,77.30105098887749,78.30105098887749,76.30105098887749,77.30105098887749,245857,0.0870507539862047,19,99.22561132367798,53.242829189830175,0.42012450298912274,0.002344867971626252,73.44489318983133,72.77306253909799,0.0022274364998792176,0.00752630083815875,76.78285939622111,75.98855373761462,0.007004729354126093,239026.2,1,1
2023-01-18,74.11863381729707,74.87915680344662,72.47915680344661,73.67915680344662,188212,76.9736168288429,77.9736168288429,75.9736168288429,76.9736168288429,197254,-0.06638511865730908,7,81.7804177043192,42.72686201481949,0.5087202232013598,-0.001220804778285789,73.52096258968787,72.86635177143043,0.0022865256080033605,-0.004235830636787785,76.92836601024678,76.09298919538307,0.007070160533380261,247313.0,2,1
2023-01-19,73.03272204224093,74.9814086272882,72.5814086272882,73.7814086272882,240564,77.5015923822438,78.5015923822438,76.5015923822438,77.5015923822438,111978,0.08206849052025762,13,111.23102110260895,45.792699234526765,0.33384985117017285,0.0013877985074444155,73.64114619334569,72.96252222667353,0.002119562398216722,0.006859175587070165,77.07975162910968,76.24231231494984,0.007346677493510651,212447.2,3,1
2023-01-20,73.2019563264195,75.05710470130222,72.65710470130222,73.85710470130222,225703,77.03072019547649,78.03072019547649,76.03072019547649,77.03072019547649,244575,-0.1568943103027573,7,120.65024257700856,48.62572947984758,0.1690363465396305,0.0010259505127694357,73.73670499077316,73.06325144820224,0.0020545200536461975,-0.00607564531635596,77.10611728876196,76.35670704644573,0.007129878986777491,229322.0,4,1
2023-01-23,72.93433115148346,75.15319540535083,72.75319540535082,73.95319540535083,186653,76.73977641600821,77.73977641600821,75.73977641600821,76.73977641600821,132561,-0.22085628902190896,14,100.80082624623086,53.8981051036795,0.2605174051925322,0.0013010353497773242,73.80801603010491,73.16878648031054,0.0017420308841774336,-0.003776983763490338,77.10935136228979,76.39510588268078,0.007019475548069844,239249.6,0,1
2023-01-24,74.20496350466189,75.38861589203526,72.98861589203526,74.18861589203526,404712,77.39012064619507,78.39012064619507,76.39012064619507,77.39012064619507,84942,0.26301872150593564,15,78.74989875096983,49.8932679046472,0.9121370048998244,0.0031833713931366248,73.89189628588463,73.27659391884583,0.0018949689149750594,0.008474669337858565,77.1271652937533,76.51808015281668,0.00572986199923915,249168.8,1,1
2023-01-25,73.72326609243893,75.4824190010422,73.0824190010422,74.2824190010422,376754,75.52406237553053,76.52406237553053,74.52406237553053,75.52406237553053,122414,-0.015967646281123148,7,106.08890516577031,55.68434316725282,0.30896954240931596,0.0012643868318482632,74.01254872540375,73.38144897811495,0.0016440609362814943,-0.024112357689628272,76.83725440309082,76.52260361129453,0.00983082345476547,286877.2,2,1
2023-01-26,74.28058787454607,75.67286292955504,73.27286292955503,74.47286292955503,195510,77.70259437138607,78.70259437138607,76.70259437138607,77.70259437138607,223527,0.5055272377133689,18,90.9591083385092,56.57618314372141,0.9747593335456102,0.002563781996789416,74.1508395858571,73.48772874764605,0.0013077614487494507,0.028845535149091495,76.87745480091927,76.6473380328149,0.013539338849391416,277866.4,3,1
2023-01-27,74.86021820276979,75.72952910782394,73.32952910782393,74.52952910782393,374739,75.34048141269507,76.34048141269507,74.34048141269507,75.34048141269507,385314,0.011577491198534991,17,93.3665055833554,55.995852343386034,0.24147808521538172,0.0007608970038186502,74.28532446716146,73.58860654760666,0.0012937649472429568,-0.03039940915487438,76.539407044363,76.63649204938037,0.016834690655467083,307673.6,4,1
2023-01-30,74.31152636316996,75.83229772356138,73.43229772356138,74.63229772356138,385388,76.59821967911813,77.59821967911813,75.59821967911813,76.59821967911813,157335,-0.23151951008762306,17,106.26576389791003,56.02770282240144,0.7230710874810448,0.001378897961219705,74.42114493080355,73.66796990393968,0.001195980785716014,0.016694056672315494,76.51109569698497,76.66397100307816,0.017829180591008544,347420.6,0,1
2023-01-31,74.92284563398388,76.0072046226122,73.6072046226122,74.8072046226122,315667,78.07826578317679,79.07826578317679,77.07826578317679,78.07826578317679,171156,0.3067352191089847,5,102.54554125512725,44.81503047670641,0.5739032935718357,0.0023435818591392987,74.54486267691895,73.75700587812466,0.0011958678349811562,0.01932219978817784,76.64872472438132,76.75311031331215,0.018750342194231072,329611.6,1,1
2023-02-01,74.37954943498333,75.7292183888592,73.32921838885919,74.52921838885919,331354,77.81573599121927,78.81573599121927,76.81573599121927,77.81573599121927,157649,0.15770004103650495,14,95.11891224661399,52.41317749727888,0.6968700495247986,-0.0037160355764581654,74.59422255448234,73.83427553342976,0.001872251837239844,-0.0033623927135697507,77.10705944751906,76.80974662266885,0.01872443309226923,320531.6,2,2
2023-02-02,74.83117861602153,75.69512145847331,73.2951214584733,74.4951214584733,473983,76.79766419038936,77.79766419038936,75.79766419038936,76.79766419038936,193665,0.1817182159241059,3,93.50394367398336,46.96235479522292,0.643957946609181,-0.0004574974905544593,74.598674260266,73.91529431818824,0.0019359922267461872,-0.013083109577538332,76.92607341131972,76.80647072409504,0.01911811534311071,376226.2,3,2
2023-02-03,74.66421242061635,75.62664838694235,73.22664838694234,74.42664838694235,281551,76.99938716181498,77.99938716181498,75.99938716181498,76.99938716181498,309544,0.29765016971697966,3,101.25836055220833,41.75466834320401,0.7067485835975892,-0.0009191618214775543,74.57809811608968,73.98296820801964,0.002024844673195982,0.0026266810788089234,77.2578545611437,76.84349295021279,0.0190465546769056,357588.6,4,2
2023-02-06,73.97397035633233,75.51993720441963,73.11993720441963,74.31993720441963,254165,78.1422617975881,79.1422617975881,77.1422617975881,78.1422617975881,183065,-0.16319907346144863,19,95.90534447487633,48.56264433972082,0.905547048435459,-0.0014337765415409764,74.51562601226134,74.02991269437098,0.0021272950530161166,0.014842645869003634,77.5666629848377,76.91386725964148,0.01952700233790139,331344.0,0,2
2023-02-07,74.20561059559945,75.48993647229968,73.08993647229967,74.28993647229967,315600,76.99951839335607,77.99951839335607,75.99951839335607,76.99951839335607,290421,-0.03181332724632189,3,88.90762866396993,56.623684828136255,0.5634694960624814,-0.0004036700412897165,74.41217238219883,74.07345613370845,0.001915877277774888,-0.014623884412151789,77.35091350687355,76.97741573030733,0.020033617453905743,331330.6,1,2
2023-02-08,75.16227451724633,75.84040281838608,73.44040281838608,74.64040281838608,434345,78.98615500582787,79.98615500582787,77.98615500582787,78.98615500582787,367440,-0.042862457871948305,17,96.6743681852164,52.303710050592315,0.06784878290399521,0.004717548065438004,74.4344092681042,74.14053578441954,0.0023931704414531557,0.0258006368601289,77.58499730979528,77.11441929266299,0.01966297314723599,351928.8,2,2
2023-02-09,74.67574617526397,75.67905774013693,73.27905774013692,74.47905774013692,383834,77.47790582823112,78.47790582823112,76.47790582823112,77.47790582823112,382778,-0.3226866342289046,9,103.39592623255184,60.08904685802946,0.27082543444689955,-0.002161631933334296,74.43119652443693,74.20546414097643,0.002403265561119351,-0.019095108218465273,77.72104563736363,77.15108136967808,0.018943866813505517,333899.0,3,2
2023-02-10,74.01350202025912,75.91198304913469,73.51198304913468,74.71198304913469,130055,77.95680475526345,78.95680475526345,76.95680475526345,77.95680475526345,260149,-0.06589753753956087,6,98.21896533180367,50.88615072634056,0.7082189804087639,0.0031273933380100427,74.48826345687539,74.27209775772492,0.0025942479374311063,0.006181103140475264,77.91252915605332,77.2039770125805,0.015703669229302428,303599.8,4,2
2023-02-13,74.6981603937865,75.5703513632008,73.1703513632008,74.3703513632008,283711,78.34047600229997,79.34047600229997,77.34047600229997,78.34047600229997,308236,0.33409486446920605,2,85.86491401751815,62.239013767964536,0.49407462797567336,-0.0045726491520003965,74.49834628863164,74.31078331545037,0.0029624231363647186,0.004921587643836878,77.9521719969957,77.28482051027704,0.015034178580899931,309509.0,0,2
2023-02-14,73.77565927191087,75.51796458312899,73.11796458312898,74.31796458312898,395932,77.39658085284503,78.39658085284503,76.39658085284503,77.39658085284503,374131,0.05933452594846175,13,109.89064621375539,50.88760612758526,0.5485519826196869,-0.0007044040953360087,74.5039519107975,74.33822081394996,0.0028075186051722324,-0.012048626682166441,78.03158448889349,77.28959700347542,0.014357658506188722,325575.4,1,2
2023-02-15,75.07739451759761,75.57113798261712,73.17113798261711,74.37113798261711,189567,76.76973159420264,77.76973159420264,75.76973159420264,76.76973159420264,331741,-0.33651533196124694,14,72.61188563056666,50.11240148076868,0.5965804553802915,0.0007154851426085518,74.4500989436437,74.3728198729085,0.0026132303123928623,-0.008099185412779764,77.58829980656844,77.2794027417434,0.014529284167294546,276619.8,2,2
2023-02-16,75.02589161678127,75.71384219686075,73.31384219686075,74.51384219686075,495378,77.44800572584418,78.44800572584418,76.44800572584418,77.44800572584418,175975,-0.38895985291623375,9,95.53634844971565,43.60304956039252,0.38262927298456995,0.0019188117610489108,74.45705583498847,74.40944155138712,0.0026949134202306838,0.008835176541020617,77.58231978609106,77.27672340892342,0.0141965830895542,298928.6,3,2
2023-02-17,74.82654357946168,75.88160084150249,73.48160084150248,74.68160084150249,423243,77.66023439978844,78.66023439978844,76.66023439978844,77.66023439978844,122249,0.41619401468706785,16,93.79801545446084,55.55281370146384,0.7738955250878552,0.0022513755792987755,74.45097939346202,74.45066635839714,0.0027568415183287947,0.0027402729347933974,77.52300571499605,77.30819911913902,0.014198133217741729,357566.2,4,2
2023-02-20,74.94376050284731,76.06514408112922,73.66514408112921,74.86514408112922,438639,77.04629908980827,78.04629908980827,76.04629908980827,77.04629908980827,116747,-0.022579752563782498,7,101.48178877871415,47.489374355297606,0.7235348838965485,0.0024576768247948078,74.54993793704772,74.49626379218606,0.0027524353755907986,-0.007905401196958484,77.26417033249771,77.32352525282903,0.013530794381007835,388551.8,0,2
2023-02-21,74.6955240930662,76.00004022107991,73.60004022107991,74.80004022107991,132689,77.64654097827541,78.64654097827541,76.64654097827541,77.64654097827541,362256,-0.16185255142540433,11,105.61661807802736,46.764761802956365,0.7142994121931139,-0.0008696151039093714,74.64635306463789,74.5268350086383,0.0027776735947774335,0.007790664776350598,77.3141623575838,77.33634626943305,0.012926845764659193,335903.2,1,2
2023-02-22,75.04769043677456,75.90842846107455,73.50842846107454,74.70842846107455,331865,77.26311320467609,78.26311320467609,76.26311320467609,77.26311320467609,257989,-0.06849794122425078,6,111.26764808261035,56.406152818812856,0.7153101740349447,-0.001224755491235019,74.71381116032939,74.5481354816399,0.0024342350570362072,-0.004938117896412186,77.41283867967847,77.42329881089032,0.009569799085975337,364362.8,2,2
2023-02-23,74.71464978857762,76.10003887330865,73.70003887330864,74.90003887330865,311115,78.4546535276211,79.4546535276211,77.4546535276211,78.4546535276211,174830,-0.369326938579333,12,92.8759512664784,55.79111334397979,0.8903580016542478,0.0025647763737117746,74.79105049561896,74.56949427882759,0.0024063493857635282,0.015421852337072384,77.61416824003386,77.46090176870207,0.008990938725668278,327510.2,3,2
2023-02-24,74.9808179861384,76.06303305081846,73.66303305081846,74.86303305081846,350706,77.88380017532961,78.88380017532961,76.88380017532961,77.88380017532961,190571,0.35577378737790494,3,105.86582337333482,55.66025683605339,0.5953927794432744,-0.0004940694697472825,74.82733693748216,74.58616947597731,0.0022452204683976354,-0.007276220423183877,77.65888139514209,77.5880677068338,0.009182581854479389,313002.8,4,2
2023-02-27,75.02579405849639,75.78982687523667,73.38982687523666,74.58982687523667,440104,77.42014942574812,78.42014942574812,76.42014942574812,77.42014942574812,170138,-0.0982632343965074,10,101.95818387881461,48.18904432972509,0.9670721994969583,-0.0036494136618313577,74.77227349630364,74.58404593356109,0.0020362228609996065,-0.005953108971798127,77.73365146233007,77.62916419416528,0.009171551753070833,313295.8,0,2
2023-02-28,74.06450063755301,75.54540390931581,73.1454039093158,74.3454039093158,241315,77.28169475094226,78.28169475094226,76.28169475094226,77.28169475094226,336610,0.3418503819346055,11,82.88460624816777,49.74512067347374,0.1191926843906379,-0.0032768941310146182,74.68134623395083,74.56095589789626,0.002319526878912864,-0.0017883545282826319,77.66068221686344,77.58933564255356,0.00835343078504594,335021.0,1,2
2023-03-01,73.83709773862982,75.34519410862518,72.94519410862517,74.14519410862518,313591,77.27906731966888,78.27906731966888,76.27906731966888,77.27906731966888,275970,0.012912928611828788,11,119.00540255434109,49.700728011520745,0.6319589765938644,-0.002692968094367143,74.56869936346095,74.54175468388456,0.002455569842949792,-3.3998106302557396e-05,77.663873039862,77.56250220897604,0.007872660429651597,331366.2,2,3
2023-03-02,73.65181559694035,75.44899833730258,73.04899833730258,74.24899833730258,371794,77.61908685711644,78.61908685711644,76.61908685711644,77.61908685711644,361415,0.35738299364210996,9,85.612248727598,53.91259090336199,0.7169265459357955,0.0014000129061004785,74.43849125625974,74.52944852782602,0.002408476883513345,0.004399891836699421,77.49675970576106,77.6035733423124,0.007477780748003183,343502.0,3,3
2023-03-03,73.74197081512762,75.4742071881907,73.0742071881907,74.2742071881907,401275,76.67437985098907,77.67437985098907,75.67437985098907,76.67437985098907,176567,0.06417362476077135,13,104.19497272309715,57.76782334247115,0.4772204109543595,0.00033951772350659937,74.32072608373417,74.52182646788845,0.002249361767973617,-0.012171065705351758,77.25487564089296,77.5873229767711,0.00835978902211375,353615.8,4,3
2023-03-06,73.50162938793096,75.61582704365172,73.21582704365171,74.41582704365172,408158,76.79087446407895,77.79087446407895,75.79087446407895,76.79087446407895,231223,0.213308165717269,10,103.89959944197747,51.84073277599204,0.28820838645693647,0.001906716487759974,74.2859261174172,74.52662095985005,0.0021731087677428888,0.00151934209727278,77.12902064855912,77.51975361009565,0.008051086806282408,347226.6,0,3
2023-03-07,74.67896372850574,75.51404933399797,73.11404933399797,74.31404933399797,234774,77.97685686323949,78.97685686323949,76.97685686323949,77.97685686323949,118955,0.1797732615220842,6,102.75636782329077,59.874455426786795,0.550037452711099,-0.0013676890212352966,74.27965520235362,74.52782660293497,0.002185655032608581,0.01544431428131876,77.26805307101856,77.56862053358982,0.00918931321346224,345918.4,1,3
2023-03-08,75.2412985700283,75.53684129898693,73.13684129898692,74.33684129898693,499291,77.08943917566408,78.08943917566408,76.08943917566408,77.08943917566408,390834,0.15582276656299268,5,95.05423117838393,54.485972090165305,0.3647476802907027,0.0003066979284969129,74.31798464042598,74.51264852696501,0.002194502737360776,-0.011380526521244771,77.23012744221761,77.47378474208162,0.009814563087582218,383058.4,2,3
2023-03-09,75.17122487267315,75.658560400938,73.258560400938,74.458560400938,103848,76.60845514537988,77.60845514537988,75.60845514537988,76.60845514537988,243796,0.08698361929567765,13,108.27252651140502,48.82600302942791,0.9091240710678165,0.001637399435113318,74.35989705315306,74.51162366000506,0.002066639898953428,-0.006239298604678978,77.0280010998703,77.43031220793907,0.008254494813418127,329469.2,3,3
2023-03-10,73.5633416872081,75.57638393152135,73.17638393152134,74.37638393152135,296985,77.6426715571512,78.6426715571512,76.6426715571512,77.6426715571512,256964,-0.05821267902889622,18,84.39632526056904,54.14355703064487,0.3567924125332549,-0.0011036537501417643,74.38033240181919,74.49484370412439,0.0020725083437678643,0.013500029596063445,77.22165944110273,77.41460554803345,0.009410003765692568,308611.2,4,3
2023-03-13,74.82017549177975,75.65774815600166,73.25774815600165,74.45774815600166,343507,77.73577003962127,78.73577003962127,76.73577003962127,77.73577003962127,212373,0.47885867289321504,15,99.34171211326077,58.52970139354387,0.17570699270212908,0.0010939524104214282,74.38871662428917,74.49921354376444,0.001839468919290998,0.0011990633578540244,77.41063855621118,77.38437024989952,0.009199532412121002,295681.0,0,3
2023-03-14,75.00659303334247,75.4955398583807,73.09553985838069,74.29553985838069,124521,76.37711070402666,77.37711070402666,75.37711070402666,76.37711070402666,166694,-0.22673424627397518,13,94.36125323447541,59.99144491670667,0.5763891401654528,-0.0021785281134356627,74.38501472916572,74.49809230752702,0.0016575104350742384,-0.017477916985991326,77.09068932436863,77.3333967424586,0.010818233185419966,273630.4,1,3
2023-03-15,73.96755937232274,75.39596436269207,72.99596436269206,74.19596436269207,280464,77.33365339197023,78.33365339197023,76.33365339197023,77.33365339197023,383489,0.001076910585789923,18,93.22702057932969,55.93445672299541,0.39599259138036935,-0.0013402620921583175,74.35683934190675,74.48933362653077,0.001463081767060568,0.012523944400703035,77.13953216762984,77.36159283234699,0.011655308887263665,229865.0,2,3
2023-03-16,74.14116370451359,75.29043998918857,72.89043998918856,74.09043998918857,338343,77.53178984464559,78.53178984464559,76.53178984464559,77.53178984464559,236472,0.0037214688018988623,18,104.28747787453545,50.12837226828999,0.09589814480084102,-0.0014222387216057397,74.28321525955687,74.46816351614716,0.001450038765014429,0.0025620986981060856,77.324199107483,77.36578203828705,0.011594864481515097,276764.0,3,3
2023-03-17,72.80322137999411,75.00716790539646,72.60716790539645,73.80716790539645,343045,77.03179977642021,78.03179977642021,76.03179977642021,77.03179977642021,295926,0.10061018833588037,10,110.77478542719683,48.9165337297204,0.5648423509979084,-0.003823328405573645,74.16937205433189,74.42444186934185,0.0018233476679308412,-0.006448839491868141,77.2020247513368,77.33436030711864,0.011059140881546017,285976.0,4,3
2023-03-20,74.01886192365698,75.08549383966867,72.68549383966867,73.88549383966867,147609,77.26468272992551,78.26468272992551,76.26468272992551,77.26468272992551,91939,-0.10736816147362528,3,96.56744238163134,52.88034751780695,0.5378464111657014,0.001061223950126422,74.05492119106529,74.37545935726884,0.0017086942930577846,0.0030232054058352276,77.10780728939764,77.34527948912451,0.011084433031036497,246796.4,0,3
2023-03-21,73.22358681036923,74.9553666750866,72.55536667508659,73.75536667508659,211003,75.91280521623214,76.91280521623214,74.91280521623214,75.91280521623214,168297,0.07868657639739694,13,107.80681089925777,58.36987247635523,0.1731970866331951,-0.0017612004443585683,73.94688655440648,74.32322567996917,0.0017298311172025994,-0.017496706980843824,77.01494619183873,77.25859270102234,0.011100849367354728,264092.8,1,3
2023-03-22,73.82728470722964,74.92746719827389,72.52746719827388,73.72746719827389,197906,76.9260912912716,77.9260912912716,75.9260912912716,76.9260912912716,337280,-0.04221064630074153,12,100.49740665444598,52.16884561107226,0.5976381689598429,-0.00037827046451566204,73.85318712152284,74.27417761682912,0.0016964470755776145,0.013348025700712585,76.933433771699,77.24174160535212,0.011672919461568863,247581.2,2,3
2023-03-23,73.01826197128928,74.99886343238371,72.59886343238371,73.79886343238371,355968,76.61729157670145,77.61729157670145,75.61729157670145,76.61729157670145,108107,-0.3954881293594748,6,91.07267790761992,52.272659359344054,0.567358973857489,0.0009683803990963025,73.79487181016187,74.21911884478287,0.0015991016032430687,-0.004014238984285878,76.75053411811018,77.14987350780613,0.01156466832408252,251106.2,3,3
2023-03-24,74.13246741825985,75.06103830602106,72.66103830602106,73.86103830602106,231511,76.57136421078627,77.57136421078627,75.57136421078627,76.57136421078627,112459,0.002388071564211614,17,97.42047906758935,50.25698927158546,0.773612623041591,0.0008424909374695755,73.80564589028678,74.16901910754301,0.0016860540943474012,-0.0005994386511196659,76.6584470049834,77.08425170957898,0.010561615860171314,228799.4,4,3
2023-03-27,74.48092807637039,75.16867173865705,72.76867173865705,73.96867173865705,328580,77.49100510430888,78.49100510430888,76.49100510430888,77.49100510430888,339148,-0.2751413332575379,17,97.00514109208385,48.36054468684394,0.36156992984263436,0.0014572423446046479,73.82228147008446,74.13796135071404,0.00173213792965306,0.012010245644716644,76.70371147986006,77.087794493507,0.011372394005222356,264993.6,0,3
2023-03-28,73.51792312309212,75.1095130539497,72.70951305394969,73.9095130539497,392411,77.79707776035423,78.79707776035423,76.79707776035423,77.79707776035423,178799,-0.43359644061222524,7,93.03340087494553,49.18932746678041,0.2487595236636393,-0.0007997802761198214,73.8531107458571,74.11616680794573,0.0016505621398424097,0.003949783018472264,77.08056598868448,77.1135636439776,0.009656332949556945,301275.2,1,3
2023-03-29,73.20995614691546,74.97841743762068,72.57841743762067,73.77841743762067,418910,77.85503947038089,78.85503947038089,76.85503947038089,77.85503947038089,167641,0.03421833017234624,10,104.28482928655833,50.67712992622765,0.9512198869707755,-0.0017737312953655104,73.86330079372644,74.0978279743955,0.0016799401503499567,0.0007450371105865994,77.26635562450635,77.1423622515132,0.008903557577491686,345476.0,2,3
2023-03-30,72.64176582693824,74.91977734821323,72.51977734821322,73.71977734821323,173523,77.50866207111677,78.50866207111677,76.50866207111677,77.50866207111677,260901,0.12197083550489161,4,102.34646187704759,58.59049998119911,0.5612175227827881,-0.000794813597852384,73.84748357689234,74.07136692494103,0.0016558237771403712,-0.004449004221440123,77.4446297233894,77.13684101221322,0.009016653297481088,308987.0,3,3
2023-03-31,73.17894806661612,74.51215483365371,72.1121548336537,73.31215483365371,461412,76.2463143246756,77.2463143246756,75.2463143246756,76.2463143246756,142374,0.1316745105261441,4,84.09350301730582,48.80143110734599,0.027139958884180304,-0.005529350863800464,73.73770688241886,74.02326430721419,0.002071874323288403,-0.016286537694108705,77.37961974616726,77.11543773589754,0.010251395603811421,354967.2,4,3
2023-04-03,72.66390728652426,74.15470425366507,71.75470425366507,72.95470425366507,166301,76.16633635148088,77.16633635148088,75.16633635148088,76.16633635148088,93752,0.14179267675492355,6,83.48474004760642,50.263060379556904,0.8207116841117432,-0.004875734191686187,73.53491338542048,73.95020816771486,0.0023520915685409445,-0.0010489421541630684,77.11468599560166,77.08421083026765,0.010155270125325723,322511.4,0,4
2023-04-04,71.84692329538586,73.8224330015599,71.4224330015599,72.6224330015599,108751,76.08252672463044,77.08252672463044,75.08252672463044,76.08252672463044,81423,-0.4831472552351526,7,104.24684453205754,45.67311169796746,0.19675806091894077,-0.004554486999904239,73.27749737494251,73.86562735109294,0.0025731131336170212,-0.0011003499822243024,76.7717757884569,76.9894943233372,0.008444251882021326,265779.4,1,4
2023-04-05,72.58529807488998,73.5587886967339,71.1587886967339,72.3587886967339,117985,75.43149546631358,76.43149546631358,74.43149546631358,75.43149546631358,105381,-0.3402542319768674,6,91.84713571205465,53.58315533236578,0.7860363176458435,-0.003630342497893735,72.99357162676516,73.76672472098029,0.002614612121314125,-0.008556909008466174,76.28706698764346,76.90659713786967,0.007453622344750679,205594.4,2,4
2023-04-06,72.17026871522549,73.59525390615782,71.19525390615782,72.39525390615782,180415,75.47371241890474,76.47371241890474,74.47371241890474,75.47371241890474,130729,0.4933803592034177,3,103.02041155100324,56.833395893591415,0.7051624271559648,0.0005039499704280193,72.72866693835408,73.6635593962413,0.002562211537530264,0.0005596727511523181,75.88007705720104,76.84986000154592,0.007452194231120561,206972.8,3,4
2023-04-07,71.61029402790442,73.34816200722703,70.94816200722703,72.14816200722703,449295,75.64241388635274,76.64241388635274,74.64241388635274,75.64241388635274,302757,-0.26180219001925903,9,107.80931578109188,58.12248922978378,0.9688137242631573,-0.003413095273497979,72.49586837306875,73.55214830002657,0.0024016199476267507,0.0022352347862744093,75.75929696953648,76.74984711800599,0.007542674727684158,204549.4,4,4
2023-04-10,71.73608730554814,73.21337350836836,70.81337350836836,72.01337350836836,183153,74.9778039207528,75.9778039207528,73.9778039207528,74.9778039207528,175344,0.15271025778417227,12,87.2904716259444,51.016822623478554,0.9655793015945262,-0.0018682180544691285,72.3076022240094,73.4299295676449,0.0020166231299041165,-0.008786207782824906,75.52159048339087,76.61194881206256,0.006254424087374933,207919.8,0,4
2023-04-11,72.774982962559,73.43933069309419,71.03933069309419,72.23933069309419,377402,74.80175853127,75.80175853127,73.80175853127,74.80175853127,102968,-0.1717344054164615,7,85.88462745423814,52.87177141639618,0.27441062465575994,0.0031377114238311243,72.23098176231625,73.32711910938059,0.0026938275758830997,-0.002347966735180451,75.26543684471878,76.53318120342473,0.005742347132332738,261650.0,1,4
2023-04-12,72.40762627866252,73.30615780678491,70.9061578067849,72.1061578067849,267397,74.8574739672834,75.8574739672834,73.8574739672834,74.8574739672834,84615,0.019918184816891116,11,116.74431682395294,49.23224838914981,0.7664495812234184,-0.0018434955727242297,72.18045558432645,73.22262878158521,0.0026924613034923278,0.0007448412591812836,75.15063254491272,76.40937223219039,0.0057423295161192645,291532.4,2,4
2023-04-13,72.14271229105603,73.40772532180527,71.00772532180527,72.20772532180527,115978,75.58807154844551,76.58807154844551,74.58807154844551,75.58807154844551,232666,-0.15831355056839852,6,103.51570782962459,52.640093398472615,0.31685508577992394,0.0014085830962249357,72.14294986745595,73.12849304821606,0.0029095324776522045,0.00975984818137765,75.1735043708209,76.31218631738038,0.007172267701705168,278645.0,3,4
2023-04-14,72.256393095535,73.14684058630257,70.74684058630257,71.94684058630257,277655,74.94863656102254,75.94863656102254,73.94863656102254,74.94863656102254,348840,0.1403852886549112,14,95.80759343326729,51.56982576249607,0.6291979388295943,-0.0036129754031168915,72.10268558327105,73.03547668226136,0.0027125472658082036,-0.008459469521102325,75.03474890575485,76.2080281566105,0.0057929348763325755,244317.0,4,4
2023-04-17,71.26132855501596,73.04178453320934,70.64178453320933,71.84178453320933,111316,75.04591051933033,76.04591051933033,74.04591051933033,75.04591051933033,188382,0.034193529329174764,13,90.66059547353737,50.29132193625744,0.5977460849545931,-0.0014601899435350285,72.06836778823926,72.93329121693839,0.0024993551602109777,0.0012978749550514035,75.04837022547035,76.09708954608074,0.005869275837450925,229949.6,0,4
2023-04-18,71.59065502010478,72.77446996974126,70.37446996974126,71.57446996974126,290469,74.97651751506257,75.97651751506257,73.97651751506257,74.97651751506257,100432,-0.1120724434110584,19,94.8955915109272,50.68876846138565,0.05454351562116466,-0.0037208786669895577,71.93539564356868,72.82424638167113,0.0023992904442000722,-0.0009246740267064846,75.08332202222887,76.05027516102226,0.005870752427403953,212563.0,1,4
2023-04-19,71.51139260221287,72.63773143696963,70.23773143696963,71.43773143696963,323469,74.21282655923106,75.21282655923106,73.21282655923106,74.21282655923106,152985,-0.2625430299201776,2,88.0942766388669,52.25961141696824,0.005181749835357574,-0.0019104372387170887,71.80171036960562,72.70975959360592,0.002284520190087263,-0.010185735229408133,74.9543925406184,75.91461192442023,0.0061077224345229214,223777.4,2,4
2023-04-20,71.31944612364687,72.75436437789624,70.35436437789623,71.55436437789623,308545,75.00811327607411,76.00811327607411,74.00811327607411,75.00811327607411,239797,0.06694354937312777,17,108.8341217409059,48.52923782577218,0.05776401459480951,0.0016326518015135072,71.6710381808238,72.59753464088155,0.002406939700300895,0.010716297353373427,74.83840088614413,75.83415300938887,0.00724696298984181,262290.8,3,4
2023-04-21,71.33278452434976,72.31505535637106,69.91505535637106,71.11505535637106,213013,74.34236091844609,75.34236091844609,73.34236091844609,74.34236091844609,140409,-0.3031796997606475,7,92.23248846393679,48.787516039609834,0.1279420475317411,-0.006139513995331969,71.50468113483751,72.46023549339904,0.002810467778949045,-0.008875737950875595,74.71714575762883,75.72270284477186,0.007607608543951749,249362.4,4,4
2023-04-24,70.75116482645706,72.34138155377929,69.94138155377928,71.14138155377928,406627,73.4004937016324,74.4004937016324,72.4004937016324,73.4004937016324,393113,0.10687026053020962,2,110.93534588216266,58.53681006835777,0.2576524913477737,0.00037019161802365197,71.36460053895149,72.31887098415515,0.0028610513694776766,-0.012669320763796121,74.38806239408925,75.51817727463802,0.008092780398692934,308424.6,0,4
2023-04-25,71.37886532525017,72.32395497136211,69.92395497136211,71.12395497136211,338690,74.98933784607385,75.98933784607385,73.98933784607385,74.98933784607385,324291,0.656621227259225,14,95.99371080229989,63.552733844231916,0.9069552232425624,-0.00024495704239313465,71.27449753927566,72.17959308002578,0.0024614597322834943,0.021646232393204068,74.39062646029149,75.37779027892402,0.011032372698550732,318068.8,1,4
2023-04-26,71.20153629403931,72.12560690827367,69.72560690827366,70.92560690827366,201914,73.62516006201952,74.62516006201952,72.62516006201952,73.62516006201952,190265,0.337542512815503,4,89.56649816382685,43.97816525732978,0.5186326753466863,-0.00278876593924382,71.17207263353647,72.03695255355842,0.002491856285895957,-0.01819162327922541,74.2730931608492,75.16629630850595,0.012478837477002536,293757.8,2,4
2023-04-27,69.08346717082505,71.74204711117358,69.34204711117357,70.54204711117357,273841,72.54898990526246,73.54898990526246,71.54898990526246,72.54898990526246,384493,0.1795869717235407,4,95.73698411986199,43.70264397811971,0.7968917388407887,-0.005407917024892517,70.96960918019195,71.87806604170643,0.002495565548752655,-0.01461688036875608,73.78126848668686,74.91831270021324,0.012396313456009741,286817.0,3,4
2023-04-28,71.08040417277559,71.68525132102053,69.28525132102052,70.48525132102053,143402,72.85822509526875,73.85822509526875,71.85822509526875,72.85822509526875,184006,-0.021401824435286917,19,73.75833222498584,45.21423586095925,0.8383117521072081,-0.0008051338524884821,70.84364837312184,71.73672086607478,0.0024929178927124485,0.004262432742483391,73.48444132205138,74.74890823874289,0.012542739365698767,272894.8,4,4
2023-05-01,68.77356012574722,71.4973764084236,69.0973764084236,70.2973764084236,469325,72.6847493120166,73.6847493120166,71.6847493120166,72.6847493120166,124857,-0.48468815675088134,5,98.79231423325993,49.48355792480722,0.7349430985905412,-0.0026654499923858266,70.6748473440507,71.6038544738127,0.0024905026818453657,-0.002381004794246744,73.34129244412823,74.57482888676967,0.012464393651140718,285434.4,0,5
2023-05-02,69.96501304325767,71.47303755603573,69.07303755603573,70.27303755603573,401219,73.30434154723025,74.30434154723025,72.30434154723025,73.30434154723025,380250,-0.33057159897504607,11,98.29880808869841,54.47890255518629,0.39138512442057194,-0.0003462270376416443,70.50466386098542,71.48638470153651,0.0024853386007769986,0.008524377411744277,73.00429318435951,74.43591962789966,0.012996287573355678,297940.2,1,5
2023-05-03,70.71477913242217,71.4021051152933,69.00210511529329,70.20210511529329,215123,73.03779481196555,74.03779481196555,72.03779481196555,73.03779481196555,387097,0.3206982140256784,4,108.24742746547967,52.956264710241356,0.8638593938409828,-0.0010093834450499717,70.35996350238933,71.37855052246448,0.002498420055638999,-0.0036361657391460467,72.88682013434872,74.31623459518227,0.012709717697739646,300582.0,2,5
2023-05-04,70.31277525660578,71.671418619232,69.271418619232,70.471418619232,369967,73.26931943864764,74.26931943864764,72.26931943864764,73.26931943864764,180050,-0.19743902003119496,3,81.1369507201662,50.86015568390234,0.7420497533209206,0.003836259660538799,70.34583780400104,71.28235875811818,0.002894731099555505,0.0031699290384950007,73.03088604102575,74.2060149461694,0.012112315686997645,319807.2,3,5
2023-05-05,69.60897370399938,71.54206669523415,69.14206669523415,70.34206669523415,371658,73.71388787452364,74.71388787452364,72.71388787452364,73.71388787452364,270324,-0.17481302454101166,1,111.61866360863547,52.6446777347895,0.7431514434050525,-0.0018355232026299184,70.31720087884375,71.19205399251854,0.002411159174714762,0.006067593356701595,73.20201859687674,74.10958864557796,0.012129512272433652,365458.4,4,5
2023-05-08,69.49552957027717,71.2423981011355,68.8423981011355,70.0423981011355,343870,73.24632331785112,74.24632331785112,72.24632331785112,73.24632331785112,135453,-0.04141261892100536,1,108.20599294997656,46.539569216858155,0.9015743271655693,-0.004260161922694183,70.26620521738614,71.09350522215689,0.002540774417804851,-0.006342964265680928,73.31433339804364,74.02301461543287,0.011593795595671077,340367.4,0,5
2023-05-09,70.51507815835328,71.20162528519297,68.80162528519297,70.00162528519297,121621,73.19125400757954,74.19125400757954,72.19125400757954,73.19125400757954,285331,-0.26551156471163867,10,112.52043563698663,48.779386141236905,0.5986634724576837,-0.0005821162188601736,70.21192276321759,70.98161995176183,0.0025236716607805695,-0.0007518371950576697,73.29171589011351,73.94248938924834,0.00872335693619871,284447.8,1,5
2023-05-10,69.00803198900549,71.16878425427981,68.76878425427981,69.96878425427981,451409,73.21468132867703,74.21468132867703,72.21468132867703,73.21468132867703,300837,-0.30669218363790907,9,99.47278623995862,49.89952725812102,0.5285744299621766,-0.0004691466916569853,70.16525859101488,70.87475127413659,0.002507432728537542,0.0003200836140211383,73.3270931934558,73.86034975731803,0.0067350101234410695,331705.0,2,5
2023-05-11,70.74567972727668,71.38118417679567,68.98118417679567,70.18118417679567,482344,73.55086497759702,74.55086497759702,72.55086497759702,73.55086497759702,307176,-0.012618518195355456,1,110.13896834102755,42.078918305640734,0.8901625575970753,0.0030356383175667023,70.10721170252762,70.7734242168861,0.002410587618055119,0.004591751856581672,73.38340230124568,73.75848942877562,0.0047077078806513906,354180.4,3,5
2023-05-12,70.25204837307854,71.47959942259969,69.07959942259968,70.27959942259969,489656,72.01482741753323,73.01482741753323,71.01482741753323,72.01482741753323,261995,-0.22288236366800906,7,85.28755965093094,44.19344897638702,0.45446172816419683,0.001402302439869052,70.09471824800073,70.69006215870095,0.002480624081227767,-0.020884017618713946,73.04359020984758,73.61179897160113,0.008324848851970547,377780.0,4,5
2023-05-15,69.67777341000955,71.47397107523076,69.07397107523076,70.27397107523076,492302,73.05530812387208,74.05530812387208,72.05530812387208,73.05530812387208,305318,-0.1852546449447237,6,107.13047565204533,44.392169693611706,0.8115706960288429,-8.008508038137574e-05,70.14103284281978,70.61167148580202,0.0023359782927498394,0.014448145522952816,73.00538717105178,73.51226885182822,0.00964131419628497,407466.4,0,5
2023-05-16,70.2150715986022,71.70662913475354,69.30662913475354,70.50662913475354,471529,72.19850309605985,73.19850309605985,71.19850309605985,72.19850309605985,257615,-0.1952977565367515,11,92.28837237900055,53.82054111841887,0.05384636044480773,0.0033107287942175656,70.24203361273189,70.55827944405264,0.002556917920450828,-0.011728169380374576,72.80683698874785,73.37336813087809,0.009903807181495194,477448.0,1,5
2023-05-17,69.6571671017306,71.36577927228142,68.96577927228141,70.16577927228141,395629,73.1874152283601,74.1874152283601,72.1874152283601,73.1874152283601,342339,0.13059005345861716,19,83.48598167577063,51.226774742862084,0.001289944456322134,-0.004834295252162613,70.28143261633222,70.49468183581823,0.0030238051266387113,0.013697127916689533,72.80138376868445,73.32209756433454,0.010945481129010828,466292.0,2,5
2023-05-18,70.37600833895927,71.14289573853,68.74289573853,69.94289573853,122750,72.9401159551954,73.9401159551954,71.9401159551954,72.9401159551954,137467,-0.05803142262383932,14,88.75859481835639,53.05530600036972,0.5282924896043568,-0.0031765275902730927,70.23377492867908,70.41410840384991,0.002829957217096776,-0.003378986296934672,72.67923396420413,73.2186976982906,0.010947863993448206,394373.2,3,5
2023-05-19,70.02369370150919,70.85747979662777,68.45747979662777,69.65747979662777,286084,73.28479916150158,74.28479916150158,72.28479916150158,73.28479916150158,234709,-0.04464299197346342,18,100.0553113862927,40.80172505098768,0.07361189381638022,-0.0040806995319325745,70.1093510034847,70.34122962586275,0.0030091322745858964,0.004725564276836458,72.9332283129978,73.16581961044338,0.010867757971702556,353658.8,4,5
2023-05-22,68.62788854741243,70.68746911435045,68.28746911435044,69.48746911435045,198059,73.20004974998312,74.20004974998312,72.20004974998312,73.20004974998312,213246,0.1492364743272208,4,91.75700791782397,42.582166569741986,0.9765430134530636,-0.002440666569816896,69.95205061130864,70.2585340038913,0.0028384862227272423,-0.0011564391591180057,72.96217663822001,73.15579741286092,0.010681701710642259,294810.2,0,5
2023-05-23,68.9020032306222,70.30379928988187,67.90379928988186,69.10379928988186,187997,72.22546431883329,73.22546431883329,71.22546431883329,72.22546431883329,250674,-0.03550990205823504,5,103.760735316958,53.316077201282475,0.005501174039798773,-0.005521424644740036,69.6714846423343,70.1575262198173,0.003204195793380528,-0.013313999573477897,72.9675688827747,73.01760373649888,0.011486764862466843,238103.8,1,5
2023-05-24,68.72264221312814,70.35423504430028,67.95423504430028,69.15423504430028,432246,71.85401839786213,72.85401839786213,70.85401839786213,71.85401839786213,125466,-0.06956344211429322,15,81.91762444995983,36.10665179166975,0.7181496364986464,0.0007298550142929017,69.46917579673809,70.06895762661864,0.0032600801131968536,-0.0051428665010921915,72.70088951667512,72.92904665329101,0.011532665013881789,245427.2,2,5
2023-05-25,69.66582468349198,70.21906969926229,67.81906969926229,69.01906969926229,425006,72.31016636678973,73.31016636678973,71.31016636678973,72.31016636678973,183624,0.11761258889254271,6,78.72902456384139,56.12314678799902,0.24338469578622068,-0.001954549059090982,69.28441058888453,69.99280875602307,0.0029085270343783233,0.0063482596951205394,72.57489959899397,72.91710547636738,0.011653813009764254,305878.4,3,5
2023-05-26,67.93879538854351,69.81384494760673,67.41384494760672,68.61384494760672,308827,71.29709436521213,72.29709436521213,70.29709436521213,71.29709436521213,385325,0.16704946088940775,17,113.72387434143576,40.88341428238605,0.9675520052720562,-0.005871199849856845,69.07568361908031,69.89923843735238,0.0029652787503964073,-0.014010090869364666,72.17735863973608,72.83904893986455,0.010542211281245233,310427.0,4,5
2023-05-29,69.108741699992,69.5066271476495,67.10662714764949,68.3066271476495,394541,71.30579155678349,72.30579155678349,70.30579155678349,71.30579155678349,113682,-0.036768374877151046,9,109.03800129401435,54.21672445962489,0.38154165062789613,-0.004477489932124046,68.83951522574013,69.79970097431367,0.002909896955397467,0.00012198521761352943,71.79850700109617,72.77010105210289,0.009090492766942055,349723.4,0,5
2023-05-30,68.26956730642361,69.48621467618209,67.08621467618208,68.28621467618208,151746,71.87789646635855,72.87789646635855,70.87789646635855,71.87789646635855,283298,0.0201519439051304,4,89.50703164086192,45.557076876215184,0.02728342626386515,-0.0002988358863523777,68.67599830300017,69.70035983032099,0.002200785314855236,0.008023260061834847,71.72899343060121,72.69877879805931,0.008979666970301252,342473.2,1,5
2023-05-31,67.79791612495924,69.57888332814929,67.17888332814928,68.37888332814929,188781,71.04422052055563,72.04422052055563,70.04422052055563,71.04422052055563,292684,-0.195447557433332,17,99.9700035652946,55.24451857585791,0.02693576540878273,0.0013570623647340962,68.52092795976998,69.60919874096378,0.002533374364130441,-0.011598502276608968,71.5670338551399,72.59910008348882,0.008082658357928721,293780.2,2,5
2023-06-01,68.38298183394494,69.92161892594959,67.52161892594958,68.72161892594958,444190,72.20502610949508,73.20502610949508,71.20502610949508,72.20502610949508,231845,-0.21517076079113137,11,110.19507060201323,66.04080456958248,0.5533733717246886,0.0050123017680110404,68.46143780510744,69.52170875629966,0.0034678854568673386,0.016339198043612724,71.54600580368097,72.54588541703119,0.010113284281832656,297617.0,3,6
2023-06-02,68.8614976659924,70.46230708637663,68.06230708637662,69.26230708637662,280486,72.668747907592,73.668747907592,71.668747907592,72.668747907592,90755,0.19228687549170193,16,104.19200608290606,38.63411184939437,0.9867119790312812,0.007867803012755692,68.59113023286142,69.46772077585679,0.004486256173719333,0.006422292506254479,71.82033651215696,72.49362841868461,0.010232915173060138,291948.8,4,6
2023-06-05,68.62570013699526,70.46300933800302,68.06300933800301,69.26300933800302,318651,71.69013424772453,72.69013424772453,70.69013424772453,71.69013424772453,90993,0.11123551563615543,9,101.48223096183479,53.47688573930324,0.9797735350457194,1.0139015807153484e-05,68.78240667093212,69.42875133770016,0.004438775570005086,-0.013466774755936606,71.89720505034516,72.41581896517826,0.010993231055902554,276770.8,0,6
2023-06-06,69.00781214932658,70.1603987194614,67.76039871946139,68.9603987194614,285119,72.54473519639184,73.54473519639184,71.54473519639184,72.54473519639184,168203,0.11382460960414402,3,110.95154081312597,40.9591864320313,0.3372729722892658,-0.004369007662732072,68.91724347958798,69.37669000941358,0.004301408388488908,0.011920760891788174,72.03057279635182,72.3834930246189,0.011010909007311838,303445.4,1,6
2023-06-07,67.79703224901296,69.61099002435888,67.21099002435888,68.41099002435888,180863,71.83012983158179,72.83012983158179,70.83012983158179,71.83012983158179,112804,0.07021358718138056,13,92.6928752479878,52.13384461108752,0.48270364918889697,-0.007967017379606034,68.9236648188299,69.29880029791754,0.004926436283396045,-0.009850547567311185,72.18775465855705,72.31426544976412,0.011373442391206271,301861.8,2,6
2023-06-08,67.28977347640127,69.57995658077036,67.17995658077035,68.37995658077035,430564,71.44111211319395,72.44111211319395,70.44111211319395,71.44111211319395,110153,0.011550818953738393,3,100.31178448664629,48.96613918224053,0.1004558057978161,-0.0004536324291970484,68.85533234979405,69.20873891811627,0.00491932033873046,-0.00541580140951925,72.03497185929682,72.20877780654396,0.011254508951484861,299136.6,3,6
2023-06-09,67.92573540755504,69.31557364297913,66.91557364297913,68.11557364297913,403320,70.65817956816254,71.65817956816254,69.65817956816254,70.65817956816254,131238,0.1741029727056923,13,99.82151361707608,50.64891161230921,0.5221768559917317,-0.0038663806034877624,68.62598566111456,69.10053762913525,0.004732373178157575,-0.010959131540266398,71.63285819141092,72.14094541407545,0.010903061302013342,323703.4,4,6
2023-06-12,67.03575601757213,69.13718411578107,66.73718411578106,67.93718411578106,373537,70.42166050463572,71.42166050463572,69.42166050463572,70.42166050463572,141032,0.23377719025569596,8,97.27237952328957,45.441568618358815,0.5997015990482731,-0.0026189242438605653,68.36082061667017,68.98369828116276,0.004603071497392982,-0.003347369900729591,71.37916344279316,72.00926303311363,0.010924003451674422,334680.6,0,6
2023-06-13,67.3403775033733,68.91645793740707,66.51645793740707,67.71645793740707,241277,70.39386039126526,71.39386039126526,69.39386039126526,70.39386039126526,348312,0.2278070012976619,16,96.10194488579248,53.902705547482505,0.25106166561132104,-0.003248974493818002,68.1120324602593,68.84418972129544,0.004680311332485824,-0.00039476651318992584,70.94898848176784,71.9190308978739,0.010448879092025925,325912.2,1,6
2023-06-14,67.14318518954254,68.79773663384421,66.3977366338442,67.5977366338442,357267,70.92329331181938,71.92329331181938,69.92329331181938,70.92329331181938,284393,-0.025194478986496707,17,100.7286823782849,42.75821081014809,0.6121144359151738,-0.001753211954361289,67.94938178215637,68.71578758937358,0.004621977239587198,0.007521009895059105,70.76762117781537,71.80582480204686,0.010251912017930971,361193.0,2,6
2023-06-15,67.30431626157966,68.93992429759257,66.53992429759256,67.73992429759257,481301,70.16654919715172,71.16654919715172,69.16654919715172,70.16654919715172,89731,0.3467481824772095,8,100.34407495985528,56.2081863144937,0.8996927516962538,0.0021034382337170587,67.8213753255208,68.60563901732671,0.004269980569631505,-0.010669895309860622,70.51270859460693,71.66714646414468,0.008901891922107372,371340.4,3,6
2023-06-16,68.68655416548735,68.88607261469228,66.48607261469228,67.68607261469228,359930,70.9485799638642,71.9485799638642,69.9485799638642,70.9485799638642,281112,0.057115170433080294,17,89.51572357465474,47.95374846694909,0.0009553334234805311,-0.0007949770162675174,67.73547511986344,68.50706865822994,0.0027998348250975764,0.011145350251088315,70.57078867374726,71.55033550426279,0.009548772017206622,362662.4,4,6
2023-06-19,67.59257233612861,68.76436655254383,66.36436655254383,67.56436655254383,297708,69.8193132352168,70.8193132352168,68.8193132352168,69.8193132352168,123746,0.15809404814144962,3,108.01795909900447,42.986546612984554,0.22893377430794448,-0.0017980960845707106,67.66091160721598,68.4109135301396,0.0026906186830837567,-0.01591669247252825,70.45031921986347,71.38129867852449,0.00989093449286914,347496.6,0,6
2023-06-20,67.37628632413625,68.45360081963858,66.05360081963858,67.25360081963858,208188,70.13115966897527,71.13115966897527,69.13115966897527,70.13115966897527,214737,0.07052197270871993,3,90.23614792233742,57.97468411670349,0.20991956332393813,-0.004599550750817416,67.56834018366229,68.31840360662744,0.0027095555614329112,0.004466478103384963,70.39777907540548,71.2765834460316,0.00890724001721523,340878.8,1,6
2023-06-21,65.91702504122618,68.00522418939734,65.60522418939733,66.80522418939734,309122,69.87101284214174,70.87101284214174,68.87101284214174,69.87101284214174,92174,0.06175167687104353,19,97.81766555452826,49.66328673595424,0.12388620303382702,-0.006666953512923457,67.40983769477292,68.20095306388228,0.002435403980229902,-0.003709432840715121,70.18732298146995,71.17743316824557,0.008615583344464767,331249.8,2,6
2023-06-22,66.28701719409361,67.81399876091207,65.41399876091207,66.61399876091207,248684,71.08107684794741,72.08107684794741,70.08107684794741,71.08107684794741,108855,-0.18393799756257992,11,97.04719527279948,59.538179852210135,0.16610121273710188,-0.0028624322544466008,67.18465258743683,68.08069951696478,0.0023421700471489555,0.017318541074244242,70.37022851162908,71.11597869230346,0.01059879517111106,284726.4,3,6
2023-06-23,66.62435487655567,67.71670356158492,65.31670356158492,66.51670356158492,344507,68.69031416827269,69.69031416827269,67.69031416827269,68.69031416827269,122430,0.1753377095862065,9,103.58103612659215,56.10678064656671,0.6259125453653877,-0.0014605818767366996,66.95077877681534,67.97584244766368,0.0023223227102700706,-0.033634305861585445,69.91857535251079,70.98563968245648,0.014720136957324973,281641.8,4,6
2023-06-26,66.30118085835176,68.01344531480827,65.61344531480826,66.81344531480826,118264,70.69665405470235,71.69665405470235,69.69665405470235,70.69665405470235,218679,0.7113235987269098,3,78.80896059782667,46.00927147606782,0.10269439015064263,0.004461161442683492,66.80059452926824,67.90118335602163,0.003164544214033861,0.029208483186067058,70.0940435164079,70.95518280735243,0.017836682724979736,245753.0,0,6
2023-06-27,67.21107402365935,67.95704260190035,65.55704260190035,66.75704260190035,176066,69.84694805029272,70.84694805029272,68.84694805029272,69.84694805029272,228185,-0.09369876869752082,6,108.90909814929458,49.57505099531625,0.7385316090207217,-0.0008441820750622053,66.70128288572059,67.82472475230755,0.0031216303065875533,-0.012019041293696242,70.03720119267139,70.85363538654914,0.018277238296204597,239328.6,1,6
2023-06-28,66.28405487977109,68.08540317272161,65.6854031727216,66.88540317272161,414776,70.13210632353119,71.13210632353119,69.13210632353119,70.13210632353119,192878,0.01774867885623704,14,93.23009652387836,50.60518969831787,0.8870225905583834,0.001922801936969032,66.71731868238544,67.75005074453615,0.0032901280020384105,0.004082616079848389,70.08941988894927,70.80802967669791,0.018138699290112116,260459.4,2,6
2023-06-29,66.55113337383757,67.89431644177016,65.49431644177015,66.69431644177016,252288,69.76532518980308,70.76532518980308,68.76532518980308,69.76532518980308,278454,-0.1115513160868156,16,112.19963294777054,57.6315159999322,0.926587724178369,-0.0028569272500010845,66.73338221855707,67.6486856203272,0.0031313062838257523,-0.005229860515469031,69.82626955732042,70.68604463071331,0.01789550255903505,261180.2,3,6
2023-06-30,66.06281727239107,67.55584309237885,65.15584309237884,66.35584309237885,273199,69.62267918329599,70.62267918329599,68.62267918329599,69.62267918329599,310546,-0.12200497539048363,18,95.21835075483845,52.18758856683557,0.6601758143197008,-0.005074995403646199,66.70121012471584,67.5033624206273,0.0033043677036713034,-0.002044654792606626,70.01274256032507,70.5337411944985,0.017427608600976353,246918.6,4,6
2023-07-03,66.14776684305835,67.26560651336739,64.86560651336738,66.06560651336738,317559,68.97339545075017,69.97339545075017,67.97339545075017,68.97339545075017,313194,0.3861123695296682,8,99.51156414265989,50.8814631054823,0.19739641063361602,-0.004373941547354043,66.55164236442766,67.34349227939552,0.003388123236213251,-0.009325750461806281,69.66809083953464,70.3979042546498,0.0169503112699719,286777.6,0,7
2023-07-04,65.50773580586265,67.02798084179037,64.62798084179036,65.82798084179036,275295,69.70041095066483,70.70041095066483,68.70041095066483,69.70041095066483,265288,-0.16824275443186618,9,119.13786040068423,49.00060206450846,0.08529657553990788,-0.003596813593604753,66.36583001240567,67.18687138551196,0.003324629014030378,0.01054052066254707,69.63878341960906,70.25568804236345,0.017277174252006647,306623.4,1,7
2023-07-05,66.07214115247369,67.40758796600916,65.00758796600915,66.20758796600916,403455,68.93370527947432,69.93370527947432,67.93370527947432,68.93370527947432,254577,-0.11852011834159032,4,97.22661791206332,49.7472148207268,0.2320249538069996,0.005766653015396805,66.23026697106317,67.07670128259448,0.0037405229229504427,-0.011000016509704613,69.39910321079768,70.11086681475805,0.017579704881821142,304359.2,2,7
2023-07-06,65.8328351379052,67.1509001837942,64.7509001837942,65.9509001837942,198142,69.63024092710175,70.63024092710175,68.63024092710175,69.63024092710175,237301,-0.3968732059328253,2,112.38849884673459,56.52296042839162,0.9619571857850425,-0.003877014555291436,66.08158371946799,66.95524846274567,0.0038129680358173243,0.010104427794842774,69.3720863582574,70.02032325545346,0.01686849235243948,293530.0,3,7
2023-07-07,65.68646493529644,67.25365881399209,64.85365881399208,66.05365881399209,403373,68.66703854186427,69.66703854186427,67.66703854186427,68.66703854186427,156139,-0.18940293113556184,9,100.3904508556456,50.01852675398737,0.9623452017507121,0.0015581080760309618,66.02114686379063,66.85215272129632,0.0038905743103335782,-0.013833104300843835,69.18095822997107,69.92076620413854,0.013574060472945224,319564.8,4,7
2023-07-10,66.02377035391153,66.98122341966298,64.58122341966298,65.78122341966298,183770,68.74507231182221,69.74507231182221,67.74507231182221,68.74507231182221,235834,-0.4270999732383369,12,104.1541883029349,48.025013643509126,0.38191888391834206,-0.004124455771576385,65.96427024504976,66.74435468649041,0.003560475027302921,0.0011364079712039565,69.13529360218548,69.83693679449786,0.009008410233555423,292807.0,0,7
2023-07-11,66.02522439013897,67.10603020272026,64.70603020272026,65.90603020272026,248238,68.26285267134612,69.26285267134612,67.26285267134612,68.26285267134612,83231,0.1579511748029822,2,100.69958589411374,47.17746417193157,0.3257915410975506,0.0018973010316494232,65.97988011723574,66.65383329975607,0.003722713987780324,-0.007014606636658649,68.84778194632175,69.73038640850191,0.008564908606123866,287395.6,1,7
2023-07-12,65.86948752044363,67.11379449307022,64.71379449307021,65.91379449307021,335128,69.18680872527872,70.18680872527872,68.18680872527872,69.18680872527872,389215,0.6999243054593274,8,108.47851626300124,47.23117423081919,0.5100105822590654,0.0001178084968260773,65.92112142264796,66.56963619271737,0.003591846036173765,0.013535268711681647,68.89840263548261,69.64356217917488,0.009778179768712163,273730.2,2,7
2023-07-13,65.59041151719781,67.00564068392879,64.60564068392878,65.80564068392879,454391,69.6727162580847,70.6727162580847,68.6727162580847,69.6727162580847,198429,-0.09166969841263053,13,93.14468387146948,42.98952001978618,0.2916880914674007,-0.001640837247699256,65.89206952267486,66.47292201203418,0.003559602694005568,0.007023123941666043,68.90689770167921,69.61887053222154,0.00999807843854981,324980.0,3,7
2023-07-14,66.12188976511361,66.9236177498536,64.5236177498536,65.7236177498536,193021,68.67720404196109,69.67720404196109,67.67720404196109,68.67720404196109,322014,-0.41668948324755933,16,90.15951476980814,46.2481234583676,0.9796624516555633,-0.0012464422992117807,65.82606130984716,66.37479926879226,0.0033097507318227623,-0.014288408283609777,68.90893080169857,69.50530173612637,0.010967073233456236,282909.6,4,7
2023-07-17,65.39218620778313,66.71010332969021,64.31010332969021,65.51010332969021,334955,68.39197191046786,69.39197191046786,67.39197191046786,68.39197191046786,386145,0.2249999161074333,18,93.61423809622978,57.49210137825162,0.2212213900245774,-0.003248671139437831,65.77183729185262,66.27208610764957,0.0031977137301585873,-0.004153228650935703,68.83831072142769,69.43393466988893,0.0106649444141733,313146.6,0,7
2023-07-18,65.3821995475602,66.73554819147317,64.33554819147317,65.53554819147317,125683,67.86677801363241,68.86677801363241,66.86677801363241,67.86677801363241,239033,-0.1817312397325392,7,100.99710376324091,48.96700369716252,0.3691426821827686,0.00038841126009070415,65.69774088960318,66.1861834762413,0.003061311212628836,-0.007679174648202558,68.75909578988495,69.32071558712178,0.010051936564192607,288635.6,1,7
2023-07-19,65.41991859936994,66.56757358442587,64.16757358442587,65.36757358442587,130170,68.22999799229449,69.22999799229449,67.22999799229449,68.22999799229449,355784,0.3248367326383851,8,97.7918121444967,53.52205834278049,0.4293708757001783,-0.0025631067669797947,65.58849670787433,66.11430094599272,0.0021953476716679676,0.005351955541327058,68.56773364328811,69.23866484462943,0.009864984041556595,247644.0,2,7
2023-07-20,65.88268088152299,66.23438754003756,63.834387540037554,65.03438754003756,407002,67.07871098420463,68.07871098420463,66.07871098420463,67.07871098420463,233351,-0.07050726194748617,17,107.10274876471176,37.60621741049583,0.12506402308116216,-0.005097115069721658,65.43424607909608,66.035320384949,0.002382060051882099,-0.016873619257908756,68.0489325885121,69.03854655144228,0.010180202630949792,238166.2,3,7
2023-07-21,64.02099650008407,65.89117460409467,63.49117460409467,64.69117460409467,387583,67.14344781206337,68.14344781206337,66.14344781206337,67.14344781206337,122332,-0.15795392227069519,14,113.0473169982152,52.841556544829395,0.38282482677012986,-0.005277407059943395,65.2277574499443,65.9440439370745,0.002420638075243846,0.0009650875353579558,67.74218134253255,68.96120323363182,0.009599234556585224,277078.6,4,7
2023-07-24,65.04751357364835,65.86258512712067,63.46258512712066,64.66258512712066,250587,67.79865675478615,68.79865675478615,66.79865675478615,67.79865675478615,88473,-0.04448938893642162,6,90.24161662764992,49.19323647815443,0.8567307201019734,-0.00044193782457913056,65.05825380943038,65.8365009276901,0.002354162097356543,0.009758345215704844,67.62351831139623,68.81630336863601,0.010294224484289977,260205.0,0,7
2023-07-25,63.992557269671714,66.13914285029077,63.73914285029076,64.93914285029076,349190,68.7305507689356,69.7305507689356,67.7305507689356,68.7305507689356,123399,0.1894441902340468,14,92.66051208386068,47.59279988554746,0.14036100145675845,0.004276935767823176,64.93897274119391,65.74560594010963,0.002831350976070795,0.013745021785902312,67.79627286245685,68.76048350456814,0.01108501135733688,304906.4,1,7
2023-07-26,65.01918597208409,66.11054939296977,63.71054939296977,64.91054939296977,252094,69.59607590970747,70.59607590970747,68.59607590970747,69.59607590970747,381602,-0.05685515768891411,3,85.63760581687146,50.90479978710566,0.5840219508261872,-0.0004403115912218203,64.84756790290268,65.64686325112203,0.0028018504872713633,0.012593019131792893,68.06948844593944,68.73368198387695,0.010967531494381174,329291.2,2,7
2023-07-27,65.61071880955784,66.02317739575348,63.62317739575347,64.82317739575348,210898,67.47122634471094,68.47122634471094,66.47122634471094,67.47122634471094,232034,-0.12418117569842636,9,120.30372990759105,47.52087373093986,0.4066371380600168,-0.0013460369390396743,64.80532587404588,65.5533062988212,0.0028020944742527926,-0.030531169138806935,68.1479915180407,68.61897704162236,0.014425140553112403,290070.4,3,7
2023-07-28,65.06894000309671,66.02460574086307,63.62460574086306,64.82460574086306,272527,68.68578583485032,69.68578583485032,67.68578583485032,68.68578583485032,182135,-0.04970790074471795,6,103.04669499121827,39.380625400558216,0.17053672611745474,2.2034481600208267e-05,64.83201210139956,65.47674443124541,0.002843235628698531,0.018001147391840666,68.45645912259809,68.57213237420008,0.015236297703596826,267059.2,4,7
2023-07-31,65.13317035456944,66.24785781529955,63.84785781529955,65.04785781529955,224743,68.19410930354054,69.19410930354054,67.19410930354054,68.19410930354054,222739,-0.31796379612522124,19,104.79802320051577,54.61123970585969,0.012336164449205822,0.0034439403353865305,64.90906663903533,65.42585699634202,0.0031261944449764473,-0.00715834470456489,68.53554963234897,68.5331680668396,0.01535903665780803,261890.4,0,7
2023-08-01,64.75767025641136,66.2378949908129,63.8378949908129,65.0378949908129,426017,67.94714640276507,68.94714640276507,66.94714640276507,67.94714640276507,161900,0.09925790057349504,1,86.59791614968952,51.21508780674097,0.2733433034899002,-0.0001531614540626336,64.92881706713975,65.38635270379315,0.0031098256761603266,-0.0036214697031412557,68.37886875911487,68.44550483944461,0.015191672297812854,277255.8,1,8
2023-08-02,64.90883204095489,66.09330844071062,63.69330844071061,64.89330844071061,264668,68.15286511174631,69.15286511174631,67.15286511174631,68.15286511174631,358576,-0.44668164846122754,17,99.98830010993126,48.430287726260744,0.06182896069800192,-0.002223112388903603,64.92536887668791,65.32063872752822,0.0030896865209504394,0.003027628382828773,68.09022659952264,68.4064628310582,0.015122101773392118,279770.6,2,8
2023-08-03,64.9519598700717,66.27799127777338,63.877991277773376,65.07799127777338,228334,68.11514116798135,69.11514116798135,67.11514116798135,68.11514116798135,399810,-0.11103036359137884,6,105.09247984413085,45.16907313963782,0.3767684712967352,0.0028459457762350926,64.97633165309189,65.27699328222718,0.0028523000355554487,-0.0005535195578807439,68.21900956417672,68.33070784310219,0.013933821447882988,283257.8,3,8
2023-08-04,64.72491638576237,66.31790468972805,63.91790468972805,65.11790468972805,314461,68.18414212509538,69.18414212509538,67.18414212509538,68.18414212509538,107173,0.1898463022076858,1,97.47242309465575,42.65071241946433,0.8102098556993457,0.0006133165939972152,65.03499144286491,65.23020557601397,0.0021458691897221892,0.001013004684874197,68.11868082222573,68.30656302226375,0.013933578458394191,291644.6,4,8
2023-08-07,65.25359576568816,66.5985335734256,64.19853357342559,65.3985335734256,403214,68.15353367572959,69.15353367572959,67.15353367572959,68.15353367572959,309980,0.0757620707331792,13,110.75705624826395,51.11946353534029,0.7196852608776124,0.0043095502693870635,65.10512659449012,65.21107108370211,0.002387289166829192,-0.0004489086232049022,68.11056569666354,68.2769860904591,0.013642583558025173,327338.8,0,8
2023-08-08,65.48783718055392,66.58864660024071,64.1886466002407,65.3886466002407,209466,67.54978080436139,68.54978080436139,66.54978080436139,67.54978080436139,187392,0.14758014324659757,13,123.1183112564283,58.06720480112679,0.9473837117017669,-0.00015118034984362705,65.17527691637568,65.18520190357813,0.0021373199229025655,-0.008858717058470078,68.0310925769828,68.24133249710988,0.013085037367503298,284028.6,1,8
2023-08-09,64.69274036890502,66.27634890317034,63.87634890317034,65.07634890317034,475817,67.15017378165709,68.15017378165709,66.15017378165709,67.15017378165709,95156,-0.016261418179702277,3,90.52937172906049,51.01583238370519,0.42701541733706916,-0.004776023259505879,65.21188500886763,65.14332962408312,0.0027457318643769432,-0.005915741219970072,67.83055431096497,68.13950074992879,0.012119319635964021,326258.4,2,8
2023-08-10,64.3315500550616,65.93469096540395,63.53469096540394,64.73469096540394,285413,68.12663789537268,69.12663789537268,67.12663789537268,68.12663789537268,375107,0.2924365452463792,1,89.77912754023303,43.08619196953587,0.7078013985918528,-0.005250109195197306,65.14322494639372,65.08978213815689,0.003233464995795744,0.014541497939984938,67.83285365644323,68.06219683179319,0.008906761868584877,337674.2,3,8
2023-08-11,64.36673374678028,66.24685546557637,63.84685546557637,65.04685546557637,364347,67.88083541152494,68.88083541152494,66.88083541152494,67.88083541152494,99803,0.231174799192448,3,91.22243934471423,51.125583635192015,0.6653417221020202,0.004822213491978422,65.1290151015634,65.05594402394303,0.003594947734761757,-0.0036080231087469716,67.77219231372914,68.02237840027138,0.006663230496936845,347651.4,4,8
2023-08-14,65.57181540142803,66.57645288838359,64.17645288838358,65.37645288838358,482896,68.01879954858988,69.01879954858988,67.01879954858988,68.01879954858988,145888,0.11153525106191864,8,116.0619916001649,49.73328518876636,0.21704630315825957,0.005067076962415706,65.12459896455499,65.04926150187771,0.003782030298072462,0.0020324460685927637,67.74524548830121,68.00371978217748,0.006371117800259012,363587.8,0,8
2023-08-15,65.56936664937308,66.49670501838955,64.09670501838954,65.29670501838955,272672,68.30180839442343,69.30180839442343,67.30180839442343,68.30180839442343,88160,0.23188644432838576,3,110.42355317029684,54.32021813037115,0.3035825052326585,-0.001219825586594503,65.10621064818476,65.03731934322352,0.003817699689819919,0.004160744495812274,67.8956510063136,68.02547130121704,0.006387343803601244,376229.0,1,8
2023-08-16,65.29055794428989,66.37472772217163,63.97472772217162,65.17472772217162,179927,68.651687073921,69.651687073921,67.651687073921,68.651687073921,230810,0.1876058886008942,14,98.64472182206352,53.03366588705863,0.5298295333977603,-0.0018680467289056146,65.12588641198502,65.02767705011081,0.0037921190276806764,0.005122539032599516,68.19595366476639,68.04655575529836,0.006511186689407707,317051.0,2,8
2023-08-17,65.935558347471,66.65297310110667,64.25297310110666,65.45297310110666,399115,68.56119146692251,69.56119146692251,67.56119146692251,68.56119146692251,271878,-0.10986587833672257,2,100.36559664400875,35.070887329450386,0.7966573190059218,0.004269221961634484,65.26954283912556,65.04860632816425,0.003917132038451487,-0.0013181847505225885,68.28286437907636,68.12067977943425,0.006532631577333132,339791.4,3,8
2023-08-18,65.22215919230482,66.37822537376445,63.978225373764445,65.17822537376445,102648,67.78459241177987,68.78459241177987,66.78459241177987,67.78459241177987,182615,-0.3359747279228334,15,91.83456373803278,52.72621102214229,0.4618127344629326,-0.004197635559164081,65.29581682076318,65.07295886664775,0.00419816174062324,-0.011327093921891795,68.26361577912733,68.15273700942006,0.007547724218758641,287451.6,4,8
2023-08-21,65.14716226679381,66.15115679811093,63.75115679811093,64.95115679811093,283158,68.6869325715003,69.6869325715003,67.6869325715003,68.6869325715003,102900,0.10509053146065596,17,108.90027157743184,44.98260295247958,0.22774153617552728,-0.0034838103423557865,65.21075760270864,65.08738745019727,0.004050774476152598,0.013311877044843268,68.39724238370943,68.19715080025578,0.008732108579916884,247504.0,0,8
2023-08-22,65.21006157387947,66.25814286106069,63.858142861060685,65.05814286106069,491996,69.00565416284967,70.00565416284967,68.00565416284967,69.00565416284967,117169,0.13652230770785717,14,96.20098175891447,42.891356292756505,0.9934656902803698,0.0016471771747239572,65.16304517124287,65.09333745073576,0.004116192762362994,0.004640207087681425,68.53801153739468,68.21090596995148,0.008090461890513425,291368.8,1,8
2023-08-23,64.8970164232182,66.14278643292731,63.7427864329273,64.9427864329273,265770,68.23952042612102,69.23952042612102,67.23952042612102,68.23952042612102,378684,0.27261799778464135,18,97.39923460545,49.05763294813218,0.11557880635366846,-0.001773128205945551,65.11665691339401,65.09494930273364,0.0038717779303164986,-0.011102477703067826,68.45557820783468,68.14307819577216,0.008801056944410923,308537.4,2,8
2023-08-24,64.6480131514747,66.11342406553953,63.71342406553953,64.91342406553953,373637,68.49762217234598,69.49762217234598,67.49762217234598,68.49762217234598,337893,-0.23408031876132337,18,106.08789771529257,52.054855545150055,0.9558889074913278,-0.00045212669490402035,65.00874710628058,65.09946163622294,0.00345062437410647,0.0037822913263934055,68.44286434891937,68.1943979871539,0.00762894585082642,303441.8,3,8
2023-08-25,65.95882029362527,66.05174398572932,63.65174398572931,64.85174398572931,310113,68.5969199838176,69.5969199838176,67.5969199838176,68.5969199838176,379810,-0.22660776481929082,1,98.12005061916778,41.79632694856588,0.8090462884304888,-0.0009501898982857693,64.94345082867355,65.10081854846625,0.003068182787957913,0.0014496534087238278,68.60532986332692,68.18995469460228,0.007487567301755419,344934.8,4,8
2023-08-28,64.674200839915,66.10017632984176,63.70017632984175,64.90017632984176,185871,68.57823591968446,69.57823591968446,67.57823591968446,68.57823591968446,249857,0.11497506657694259,7,97.65034006502154,53.522882085287755,0.8388935193078518,0.000746816371246739,64.93325473501972,65.09343447419336,0.0024761306046371554,-0.00027237468005192333,68.58359053296374,68.20916102540949,0.00749030036085206,325477.4,0,8
2023-08-29,64.84867454344533,66.38161339900554,63.98161339900554,65.18161339900554,227088,68.55007290527311,69.55007290527311,67.55007290527311,68.55007290527311,254737,-0.01779174721327166,15,100.10575205529075,53.816694237658,0.7949175830914994,0.00433646077837202,64.9579488426087,65.100620394603,0.0029345142201091723,-0.0004106698580630397,68.49247428144842,68.23930735053487,0.00740443996472837,272495.8,1,8
2023-08-30,65.39752153296051,66.38051662123546,63.98051662123545,65.18051662123545,309412,68.53952484948039,69.53952484948039,67.53952484948039,68.53952484948039,331518,-0.47144040264278203,7,107.95355413793077,50.23488098149749,0.208170941304622,-1.682649006207182e-05,65.00549488027032,65.11498080362924,0.002873424475615336,-0.00015387373558739537,68.55247516612032,68.25864033742158,0.007215113980930268,281224.2,2,8
2023-08-31,65.42679758937784,66.50087038173034,64.10087038173033,65.30087038173033,141700,68.61266672573824,69.61266672573824,67.61266672573824,68.61266672573824,277324,0.09377704093854769,15,116.46493075483833,45.66188184886476,0.6325823773952418,0.0018464683425916117,65.08298414350847,65.12612475882709,0.0025596519554423403,0.0010671488665623396,68.57548407679876,68.28351661530942,0.007211266211317635,234836.8,3,8
2023-09-01,64.13883576652552,66.04123154033068,63.64123154033068,64.84123154033068,265956,67.18282893560246,68.18282893560246,66.18282893560246,67.18282893560246,219661,-0.46310572874723865,15,105.85486232246082,45.10310997905354,0.7567498124509318,-0.007038785834135641,65.08088165442875,65.11229110135721,0.003140743078409791,-0.020839268583615844,68.29266586715572,68.23345095583478,0.009230495710628733,226005.4,4,9
2023-09-04,65.37718947327303,66.01585034599117,63.61585034599116,64.81585034599117,265940,68.23628424010691,69.23628424010691,67.23628424010691,68.23628424010691,173406,-0.23631413796834405,19,108.03314223624267,55.12966065790114,0.7456857921016514,-0.00039143603131175375,65.06401645765864,65.0831569399855,0.002963033416390123,0.015680424912059454,68.22427553124021,68.23758848405365,0.009654973760181691,242019.2,0,9
2023-09-05,64.57370828545585,65.82080557313127,63.42080557313126,64.62080557313126,433964,66.80731719045534,67.80731719045534,65.80731719045534,66.80731719045534,235362,0.3379203432150268,7,98.00145937898876,42.44388656752048,0.2715653705440776,-0.0030092141323262434,64.9518548924838,65.04476488863003,0.0030052747510046973,-0.02094145461706831,67.87572438827667,68.20046530335834,0.011348158657837242,283394.4,1,9
2023-09-06,63.79112672862312,65.54659227623098,63.146592276230976,64.34659227623098,149542,66.86983260315594,67.86983260315594,65.86983260315594,66.86983260315594,100471,0.4562197544517788,7,92.92202136831283,55.322352304095894,0.18111938776368142,-0.0042434212088234835,64.78507002348289,65.00827705728305,0.003201151359963632,0.0009357569698897894,67.54178593901177,68.1864482444333,0.011048203598356131,251420.4,2,9
2023-09-07,64.74231651195521,65.34792445477828,62.947924454778274,64.14792445477828,437077,67.93006349546313,68.93006349546313,66.93006349546313,67.93006349546313,141583,-0.3039140921179904,1,106.53986232235115,49.17400420434782,0.3281229839145492,-0.003087464532695816,64.55448083809247,64.97893873175177,0.003266419214774563,0.015855145003864646,67.40526529295676,68.17661952443781,0.01233172285396014,310495.8,3,9
2023-09-08,64.3815718706393,65.26873408484123,62.86873408484122,64.06873408484122,264176,67.57286618245774,68.57286618245774,66.57286618245774,67.57286618245774,315987,-0.08234788435317357,6,101.71240824600571,49.52082750178572,0.4798444803773918,-0.0012344962149614114,64.39998134699458,64.93003266271502,0.0032654265128841168,-0.005258309717747323,67.48327274232781,68.16122106298444,0.012380340367873442,310139.8,4,9
2023-09-11,63.62924900110008,65.46151999707403,63.06151999707403,64.26151999707403,360540,68.15395897088555,69.15395897088555,67.15395897088555,68.15395897088555,357777,0.010655630769676495,6,85.77371351250251,41.45956147293337,0.5737807470636765,0.0030090482508600136,64.28911527721115,64.87428601814953,0.0034868466498200177,0.00859949890032441,67.46680768848356,68.16797903409923,0.012784112022436964,329059.8,0,9
2023-09-12,64.86053471633363,65.17194329620476,62.77194329620476,63.97194329620476,322773,66.80893866599239,67.80893866599239,65.80893866599239,66.80893866599239,112571,0.445306731895392,9,96.71930376574402,49.266416849357064,0.8369503623191604,-0.00450622240000631,64.15934282182585,64.8080479320403,0.0030861809077220655,-0.019735028239045382,67.46713198359096,68.09333554767768,0.014148959283205247,306821.6,1,9
2023-09-13,64.30685719091682,65.17745850673371,62.777458506733716,63.97745850673372,219913,66.28610920196765,67.28610920196765,65.28610920196765,66.28610920196765,111010,-0.12321723695610039,9,99.17102976518447,53.06792758005688,0.769034227704616,8.621295906885429e-05,64.0855160679264,64.7481844712684,0.0030932093891152296,-0.007825741202664438,67.3503873033533,67.97505665408002,0.014216708380110358,320895.8,2,9
2023-09-14,63.868653885191875,65.0737519430044,62.6737519430044,63.8737519430044,472284,66.7294896247622,67.7294896247622,65.7294896247622,66.7294896247622,107378,-0.11922100575831952,17,94.89542132971522,43.3179495607401,0.6761505256665161,-0.001620985987094259,64.03068156557163,64.6692234133633,0.002813650807003389,0.00668888894117492,67.1102725292131,67.883471561972,0.014514259649074747,327937.2,3,9
2023-09-15,64.60093278544208,65.00582338263119,62.60582338263119,63.805823382631196,189785,66.86704216097553,67.86704216097553,65.86704216097553,66.86704216097553,333305,0.38718138961571547,15,114.81735594542127,52.493179336259224,0.2634892929427606,-0.001063481607183725,63.97809942512962,64.60060331380663,0.00225095076186129,0.0020613455458273755,66.96910772491667,67.83759404943179,0.013065793823192003,313059.0,4,9
2023-09-18,64.10689018018833,65.22724128827352,62.82724128827351,64.02724128827352,114488,67.07463451807752,68.07463451807752,66.07463451807752,67.07463451807752,179591,-0.0936972881795645,14,104.79839036902217,50.445061268395115,0.47888049893494333,0.0034701833454058306,63.931243683369516,64.55440753831475,0.0027568783389792318,0.003104554207769894,66.75324283435505,67.75697914676064,0.011899923114580279,263848.6,0,9
2023-09-19,64.13622590661542,65.35026744416744,62.95026744416744,64.15026744416744,400049,67.83047573142146,68.83047573142146,66.83047573142146,67.83047573142146,184564,0.18055042724161438,1,113.73174917888647,46.78122193083846,0.33543587412796105,0.0019214658232737936,63.96690851296205,64.5090137674701,0.0028409624177818268,0.011268659438468331,66.95755024744086,67.69822022518923,0.01035779242154217,279303.8,1,9
2023-09-20,64.11775625045051,65.64790630846151,63.24790630846151,64.44790630846151,348583,67.23114405345945,68.23114405345945,66.23114405345945,67.23114405345945,83989,-0.36928574127810687,9,102.6342526165216,54.27336543245652,0.23492817955053413,0.0046397135374862675,64.06099807330762,64.48426976124681,0.0030033963245928827,-0.008835728652930253,67.14655721773923,67.64780140655616,0.01087235681701277,305037.8,2,9
2023-09-21,64.71618249988983,65.62525728023628,63.22525728023628,64.42525728023628,456215,67.63647796331803,68.63647796331803,66.63647796331803,67.63647796331803,391231,-0.042808186023081556,14,100.81387836425078,38.98871615510722,0.010245360383479452,-0.0003514315595735118,64.17129914075399,64.45986142198164,0.002791710105854417,0.006028960470110034,67.3279548854504,67.60474419610475,0.009722947041713344,301824.0,3,9
2023-09-22,64.52591738799389,65.4876159043319,63.0876159043319,64.2876159043319,283094,66.69443961467114,67.69443961467114,65.69443961467114,66.69443961467114,218891,-0.41489920958160115,5,90.63402182389751,51.73340374371855,0.3394619705706906,-0.0021364505430792047,64.26765764509413,64.43165501791177,0.0028652437760901543,-0.013927962794836768,67.29343437618951,67.50962017764743,0.010556072356328331,320485.8,4,9
2023-09-25,64.26123646519979,65.45389639525493,63.053896395254924,64.25389639525493,106736,67.52408676208121,68.52408676208121,66.52408676208121,67.52408676208121,335182,-0.2638584452389261,9,100.11929533196567,58.097175790366464,0.2561162677146215,-0.0005245101813567965,64.31298866649041,64.39934102118244,0.0027140685248621278,0.012439524976945338,67.38332482499024,67.45691271976726,0.011014372323807165,318935.4,0,9
2023-09-26,63.92786106139065,65.52285423832446,63.12285423832445,64.32285423832445,108104,67.32471936843584,68.32471936843584,66.32471936843584,67.32471936843584,306457,0.20980033878806584,14,100.1305392567544,57.19971569550331,0.5719023269668166,0.0010732087381182254,64.3475060253218,64.35640306314838,0.0022141880569900496,-0.002952537430796154,67.28217355239313,67.3956450429254,0.0088959368312999,260546.4,1,9
2023-09-27,64.44447390117965,65.57950897409661,63.179508974096606,64.37950897409661,273303,66.9296209711259,67.9296209711259,65.9296209711259,66.9296209711259,125368,-0.012476347771678158,16,86.32886115965766,51.949033602692616,0.0623017702837122,0.0008807870304112786,64.33382655844883,64.31635268079144,0.002209972626605106,-0.005868548744299318,67.22186893592644,67.31514984900768,0.00870442251674039,245490.4,2,9
2023-09-28,64.13082385937102,65.3657232522521,62.96572325225209,64.16572325225209,199819,67.02422563494719,68.02422563494719,66.02422563494719,67.02422563494719,336431,-0.07977643513824366,17,94.60472530229605,48.49159611934577,0.2705195967102011,-0.003320710661687931,64.28191975285199,64.25959532431753,0.002454116081437627,0.0014134946896247058,67.09941847025225,67.23572779446812,0.00847830456237286,194211.2,3,9
2023-09-29,63.54089110443658,65.40762826380369,63.00762826380368,64.20762826380368,468872,67.09712281589455,68.09712281589455,66.09712281589455,67.09712281589455,256097,-0.1871874059952294,9,96.76717401483637,46.820987217261845,0.044769489988415345,0.0006530747169615214,64.26592222474635,64.22791516049116,0.002395125855824337,0.0010876243665149943,67.17995511049693,67.23144248848273,0.008463616810263003,231366.8,4,9
2023-10-02,63.545284701998554,65.48119087766065,63.081190877660646,64.28119087766065,147394,67.11909780005838,68.11909780005838,66.11909780005838,67.11909780005838,273378,-0.05516401831032069,8,104.13479544055721,48.48537103047179,0.641417904513436,0.0011456989745006751,64.2713811212275,64.20118218707465,0.002193199338347512,0.0003275100815296472,67.09895731809237,67.17558316648031,0.008409520683192678,239498.4,0,10
2023-10-03,65.1337013471784,66.05112465777351,63.65112465777351,64.85112465777351,452325,68.91392940313412,69.91392940313412,67.91392940313412,68.91392940313412,144101,0.07527829177517341,8,104.61350111985706,52.71903623958953,0.5681895585686249,0.008866260446194207,64.37703520511731,64.21269814130676,0.0034618139880108058,0.02674099715139766,67.41679932503203,67.28091377711425,0.011535469942985876,308342.6,1,10
2023-10-04,63.983619500063924,66.48456365758977,64.08456365758977,65.28456365758977,186717,68.22549605620505,69.22549605620505,67.22549605620505,68.22549605620505,350999,0.24572905161544045,13,94.18681518034795,45.96378097270292,0.3374800230744732,0.006683600355484431,64.55804614181594,64.25959671037471,0.003743395293926293,-0.00998975610434083,67.67597434204785,67.3486969497667,0.011657105936612717,291025.4,2,10
2023-10-05,65.23287625028087,66.33017098680024,63.930170986800235,65.13017098680024,147760,67.98383332069383,68.98383332069383,66.98383332069383,67.98383332069383,378133,-0.6562866710242006,8,104.68869602541885,53.787119090251906,0.1473346004355438,-0.0023649184759708675,64.75093568872556,64.3087090369758,0.0038930677984862234,-0.00354211767565793,67.86789587919719,67.35138544102823,0.011639572924939433,280613.6,3,10
2023-10-06,64.86081510518953,66.29985663406644,63.89985663406644,65.09985663406644,209828,66.84138605950035,67.84138605950035,65.84138605950035,66.84138605950035,210080,-0.20794029356570243,8,98.17921070651482,60.66580259001662,0.9579198327687352,-0.00046544254796965223,64.92938136277812,64.36026516443705,0.0037729336478906873,-0.016804690253406585,67.81674852791835,67.31481143488037,0.012065536513090933,228804.8,4,10
2023-10-09,65.47147379537105,66.0173504919311,63.61735049193109,64.8173504919311,157656,67.28082608074341,68.28082608074341,66.28082608074341,67.28082608074341,109592,0.03977406054725143,4,71.30379975145044,49.690583824363024,0.5843924473886134,-0.004339581632619383,65.03661328563221,64.38805668917992,0.004147974793255179,0.006574370268921159,67.84909418405535,67.27115479037326,0.011540171382874194,230857.2,0,10
2023-10-10,64.47844128890864,65.92517539348559,63.52517539348558,64.72517539348559,260522,67.56733133881177,68.56733133881177,66.56733133881177,67.56733133881177,351607,-0.024715778990571466,10,95.15297968048458,43.278025983583476,0.6791133665720679,-0.001422074456082334,65.01142343277463,64.42571829404395,0.004209734809612737,0.004258349291438979,67.57977457119088,67.30907442401423,0.011581319228296114,192496.6,1,10
2023-10-11,65.16030859480553,66.03056648767958,63.63056648767957,64.83056648767958,232183,67.4190548819736,68.4190548819736,66.4190548819736,67.4190548819736,363965,0.10084406063168125,5,110.78988640142379,43.27627626841794,0.5313487532694519,0.0016282859575627029,64.92062399879259,64.46837369309124,0.004221270399184679,-0.002194499233581615,67.41848633634459,67.36572170801453,0.011416773847321017,201589.8,2,10
2023-10-12,64.93157877974421,66.33003570036311,63.930035700363106,65.13003570036311,311615,68.95906025638979,69.95906025638979,67.95906025638979,68.95906025638979,242071,0.06688507153163846,10,83.18194243372321,53.88282775855788,0.806533247646205,0.004619259539255127,64.92059694150517,64.53118788095917,0.00412526557921676,0.022842286607431594,67.61353172348379,67.4772002395959,0.013388232346702288,234360.8,3,10
2023-10-13,65.07019765502635,66.21332357828328,63.813323578283274,65.01332357828328,314826,67.91436091304554,68.91436091304554,66.91436091304554,67.91436091304554,265327,-0.07621696574835181,17,101.1269120041554,49.70126910519778,0.8963800495481213,-0.0017919861523917335,64.90329033034853,64.59156289074178,0.004251593671349424,-0.015149558875368285,67.82812669419283,67.5295661771994,0.014569048697108239,255360.4,4,10
2023-10-16,65.28296122336424,66.11454295790422,63.714542957904214,64.91454295790422,100395,68.68760950749517,69.68760950749517,67.68760950749517,68.68760950749517,151371,-0.13171329899679426,15,115.85261214185287,54.38415448032026,0.3827105435976298,-0.0015193904101844513,64.92272882354315,64.63592797422332,0.004341841845991153,0.011385641918057132,68.10948337954316,67.6102149266703,0.014902355279058234,243908.2,0,10
2023-10-17,64.26368970959372,65.69496756775601,63.294967567756004,64.494967567756,149948,67.53199034818623,68.53199034818623,66.53199034818623,67.53199034818623,101591,-0.061375372433875225,10,92.39387046989519,47.33182875420325,0.6900253122306106,-0.006463503723969755,64.87668725839724,64.65316298040275,0.0039393320178459056,-0.016824273949770263,68.10241518141807,67.59529065750853,0.013279355316165692,221793.4,1,10
2023-10-18,65.00405039550199,65.70577295325279,63.305772953252784,64.50577295325279,164747,67.52810965510574,68.52810965510574,66.52810965510574,67.52810965510574,382126,0.2871855874556857,19,100.02149080427687,54.153117737699155,0.22988748454639696,0.00016753842825689702,64.81172855151188,64.6560563126423,0.00304945789518384,-5.746451512067541e-05,68.12422613604448,67.61013893759085,0.012978784912429833,208306.2,2,10
2023-10-19,63.82706322404074,65.52391216259399,63.12391216259398,64.32391216259398,177889,67.27063429396648,68.27063429396648,66.27063429396648,67.27063429396648,234546,-0.1830019832264286,19,86.95983742772079,49.20850413275137,0.6518550471620385,-0.002819294806227557,64.65050384395805,64.6509890567602,0.003072124760247268,-0.0038128619689532517,67.78654094355984,67.59184675412327,0.012985071116749139,181561.0,3,10
2023-10-20,64.40612637239501,65.45882995111582,63.05882995111581,64.25882995111581,137426,67.2611077020887,68.2611077020887,66.2611077020887,67.2611077020887,167990,-0.01570168078598887,9,116.27231141663572,46.337479723380255,0.39915562997655263,-0.0010117887623759536,64.49960511852456,64.6495497590994,0.0030616475272739535,-0.000141615906818382,67.65589030136846,67.62018015849415,0.011737722933141818,146081.0,4,10
2023-10-23,64.58165623861467,65.32033637722074,62.920336377220735,64.12033637722074,225853,68.15161337905066,69.15161337905066,67.15161337905066,68.15161337905066,301834,0.045835553499605254,15,99.16667373003386,47.99500760598808,0.006781599401304961,-0.0021552458082482184,64.34076380238787,64.64287175819769,0.00289362693149886,0.01323953332594785,67.54869107567956,67.65155648934261,0.01228556493911727,171172.6,0,10
2023-10-24,64.48250927604924,65.35249053015407,62.952490530154066,64.15249053015407,319869,65.76072409410334,66.76072409410334,64.76072409410334,65.76072409410334,88384,0.3900877324686145,7,100.46626842794018,44.01472822288382,0.9555278684226207,0.0005014657556405844,64.27226839486748,64.63435357278917,0.002931807861588527,-0.035081917601121115,67.19443782486299,67.57335672562598,0.016742609323283055,205156.8,1,10
2023-10-25,64.78513907890408,65.02691664053637,62.62691664053637,63.826916640536375,223556,65.62598919387318,66.62598919387318,64.62598919387318,65.62598919387318,105580,-0.07507706455907831,17,113.54300465505622,59.94679779290806,0.8684415455387189,-0.0050750000027616204,64.1364971323242,64.60672395611115,0.0030570996534505204,-0.002048865825098778,66.81401373261647,67.50817513676336,0.016743044727882368,216918.6,2,10
2023-10-26,63.18396451735574,64.76568417601106,62.365684176011065,63.56568417601107,231629,66.23978167737741,67.23978167737741,65.23978167737741,66.23978167737741,157655,0.23970166400274023,8,106.6147839464548,49.51809093220756,0.2908365503460284,-0.004092826009386097,63.984851535007614,64.57672200229909,0.002232222116072394,0.00935288733996753,66.60784320929865,67.46895293888487,0.014911881147539037,227666.6,3,10
2023-10-27,63.393202620568744,65.28277724624304,62.88277724624304,64.08277724624304,287822,67.09149397540558,68.09149397540558,66.09149397540558,67.09149397540558,224207,0.30799485081625555,5,91.2437126750326,53.22257044341098,0.9977573142328605,0.008134783365190579,63.949640994033054,64.57047945142106,0.004029329957027835,0.01285801789287988,66.57392046396203,67.46867149686042,0.015194625274844942,257745.8,4,10
2023-10-30,63.36620026028013,65.0633678145277,62.66336781452769,63.86336781452769,319359,67.2774304693861,68.2774304693861,66.2774304693861,67.2774304693861,197340,-0.015938566247662062,3,93.52722075912683,47.315654335646,0.3171276745565341,-0.003423843989661224,63.89824728149445,64.54958829826441,0.004078555828453941,0.002771386996519798,66.39908388202912,67.4765881303268,0.014641417755973678,276447.0,0,10
2023-10-31,64.01682643695521,64.886605153681,62.486605153681,63.686605153681,232386,66.97045747249749,67.97045747249749,65.97045747249749,66.97045747249749,139951,-0.05267974476919063,17,104.94931304523298,44.74036089010089,0.45884418645907477,-0.0027678255453117417,63.805070206199844,64.4913623230598,0.003745094675562294,-0.004562793120172826,66.64103055770795,67.37941453379497,0.013745664108551266,258950.4,1,10
2023-11-01,64.39392244625564,65.34496097912096,62.94496097912095,64.14496097912095,188729,66.91441343139262,67.91441343139262,65.91441343139262,66.91441343139262,192431,-0.08226341801205403,6,93.7587894493706,48.830597445410326,0.8512590261744171,0.007197052258224534,63.868679073916745,64.43438218913636,0.004603049445880306,-0.0008368472192068488,66.89871540521185,67.31386040255435,0.013743520781270656,251985.0,2,11
2023-11-02,64.88657539018492,66.03544706036121,63.6354470603612,64.8354470603612,263752,68.44687327630626,69.44687327630626,67.44687327630626,68.44687327630626,186851,-0.06395578356064559,16,78.82756687879473,55.505962666896,0.30459635132804086,0.010764463345219077,64.12263165078677,64.41964599281441,0.0057265670780346795,0.022901790007991085,67.34013372499761,67.33701240033497,0.015573107581545361,258409.6,3,11
2023-11-03,64.0852796803581,65.84675820491167,63.44675820491166,64.64675820491166,109691,68.2648754468033,69.2648754468033,67.2648754468033,68.2648754468033,247893,0.2135599651442082,2,99.46759201360922,47.39634104300858,0.45054028438750005,-0.0029102730682781797,64.23542784252051,64.39699107135667,0.005824205291571504,-0.002658964840779099,67.57481001927715,67.40818686970012,0.015629037302730023,222783.4,4,11
2023-11-06,65.01636579086183,65.8329321441973,63.432932144197295,64.6329321441973,297028,67.74336684296024,68.74336684296024,66.74336684296024,67.74336684296024,260077,0.05775249431387847,10,85.1978733887519,45.64734013635292,0.6655871671232555,-0.00021387090549129795,64.38934070845443,64.38777015396997,0.005753446731417607,-0.00763948663832914,67.66799729399199,67.43131390781096,0.015291328833988087,218317.2,0,11
2023-11-07,64.16138519503319,65.97373758385847,63.57373758385846,64.77373758385846,476546,68.35133212735057,69.35133212735057,67.35133212735057,68.35133212735057,362600,0.05882242729246735,9,116.16281753563726,50.77732122184572,0.13046755477242822,0.002178540180523214,64.60676719448992,64.39019826348861,0.005767832799250373,0.008974535998479194,67.9441722249626,67.47051394723789,0.00944984943888736,267149.2,1,11
2023-11-08,65.7949211340065,66.41544634281806,64.01544634281805,65.21544634281805,259173,68.37903350087733,69.37903350087733,67.37903350087733,68.37903350087733,338169,-0.28130587759495873,9,101.76787637763152,52.49511300358872,0.4223503686917177,0.006819256930908679,64.82086426722933,64.40944225624555,0.005604745541342436,0.00040527920472910317,68.23709623885955,67.51851287818309,0.009308680951732849,281238.0,2,11
2023-11-09,66.50056138834682,66.2718421767769,63.871842176776894,65.0718421767769,143323,67.73495236070717,68.73495236070717,66.73495236070717,67.73495236070717,173548,-0.24187251934380863,4,90.94824943256424,58.214240844265916,0.3094099373616265,-0.002201996215532631,64.86814329051248,64.40653258006623,0.005398126121739285,-0.009419278208456894,68.09471205573973,67.45730748339896,0.0100106986483078,257152.2,3,11
2023-11-10,65.27285724566593,66.28963167238015,63.88963167238015,65.08963167238015,382832,68.50832177578015,69.50832177578015,67.50832177578015,68.50832177578015,368853,0.535861706194245,2,93.01367585337546,51.76875239186248,0.676774305864818,0.0002733823879601527,64.95671798400618,64.41034798477106,0.005022685135730551,0.011417582623437506,68.1434013215351,67.48700552653568,0.00985065380184458,311780.4,4,11
2023-11-13,65.6210377679243,66.52948370009544,64.12948370009543,65.32948370009544,150743,68.39585157364264,69.39585157364264,67.39585157364264,68.39585157364264,246646,-0.0444564313221724,7,81.10602412126079,53.219963392656176,0.1359693900603718,0.0036849498384403656,65.09602829518579,64.43109502188064,0.004731762302588133,-0.0016417013177698614,68.27389826767157,67.47241762984306,0.009917617327644176,282523.4,0,11
2023-11-14,65.25005247200208,66.69648235644986,64.29648235644986,65.49648235644986,177455,68.49728626450255,69.49728626450255,67.49728626450255,68.49728626450255,140056,-0.19369299889459005,9,89.00538113219497,53.59637618460161,0.2327314791009374,0.0025562525049340756,65.24057724970407,64.48117076131533,0.004387382773450472,0.001483053263116263,68.30308909510197,67.52068242565886,0.00967513349198968,222705.2,1,11
2023-11-15,64.58432114983495,66.68942781037836,64.28942781037836,65.48942781037836,158618,69.37319995369211,70.37319995369211,68.37319995369211,69.37319995369211,188844,0.3577747913973243,16,110.16323202540698,44.23492309033685,0.7113762037524828,-0.00010770877790211575,65.29537354321614,64.5303535041716,0.004179882548769668,0.01278756775570944,68.50192238566493,67.61293694058818,0.010132998464486365,202594.2,2,11
2023-11-16,65.2344268768066,66.7357865583217,64.3357865583217,65.5357865583217,453466,67.06526328119764,68.06526328119764,66.06526328119764,67.06526328119764,317363,0.07045213717088802,9,122.31786145492391,45.183339647652275,0.1562243697241148,0.0007078814015228918,65.3881624195251,64.590947223958,0.002861207280383963,-0.033268418842363534,68.36798456976301,67.60266838994976,0.013342363214659349,264622.8,3,11
2023-11-17,64.7686581282789,66.51510574882828,64.11510574882827,65.31510574882827,492510,67.46449524673253,68.46449524673253,66.46449524673253,67.46449524673253,342967,0.1445387292161304,5,107.26396513198958,44.58051855197175,0.4220192622398897,-0.003367332889139041,65.43325723481472,64.64376101384362,0.0029347141127788567,0.005952887471132984,68.15921926395349,67.61283776718194,0.013567966996363721,286558.4,4,11
2023-11-20,64.61744911804752,66.54095140625503,64.14095140625503,65.34095140625503,327855,67.62870915043041,68.62870915043041,66.62870915043041,67.62870915043041,199719,-0.0345117688203834,5,99.0795746137897,43.33927122154177,0.7128807220926188,0.0003957071971398829,65.43555077604665,64.70479176529534,0.0029121831736279606,0.0024340788899008814,68.00579077931104,67.58669255575094,0.013400994588202708,321980.8,0,11
2023-11-21,66.22283919963073,66.5616592286329,64.1616592286329,65.3616592286329,347064,68.14370284009162,69.14370284009162,67.14370284009162,68.14370284009162,130432,-0.07966827264420104,12,95.68040624346084,53.977299374352015,0.7654683844300053,0.00031691951115186967,65.40858615048326,64.76525020021927,0.00289459196180419,0.007615015814004034,67.93507409442886,67.70584149305034,0.013305401939959875,355902.6,1,11
2023-11-22,65.62740439895877,66.6909731399459,64.29097313994589,65.4909731399459,358183,68.33820823808628,69.33820823808628,67.33820823808628,68.33820823808628,141403,-0.04239659312432259,9,90.43504186423638,51.45025045831878,0.09488117867166845,0.001978436790606164,65.40889521639676,64.84845302518974,0.0020887232557649346,0.002854341485538203,67.72807575130768,67.841452445261,0.013340751765054002,395815.6,2,11
2023-11-23,65.640910068751,66.651066278444,64.251066278444,65.451066278444,344115,67.54667088978017,68.54667088978017,66.54667088978017,67.54667088978017,113123,-0.3456845425746567,18,120.5976589933974,50.397480315457244,0.8519956094194782,-0.0006093490383264344,65.39195116042121,64.9427221303114,0.0019201939323824145,-0.011582647082996944,67.8243572730242,67.90679690588114,0.013527095830843492,373945.4,3,11
2023-11-24,65.47929031090331,66.83380149350144,64.43380149350143,65.63380149350144,317640,68.04270667411494,69.04270667411494,67.04270667411494,68.04270667411494,303596,-0.02198185235497437,9,98.11251298135625,37.036417422988656,0.7239723011299664,0.002791936410631468,65.45569030935584,65.02027334267432,0.002036717455387547,0.007343600769669001,67.93999955850069,67.9543575408166,0.01319579487819039,338971.4,4,11
2023-11-27,65.8477945990149,67.13423014023662,64.73423014023662,65.93423014023662,494679,68.41772513312247,69.41772513312247,67.41772513312247,68.41772513312247,240958,0.07400826926065433,11,121.15629830062504,60.27738429309309,0.33929458869331375,0.004577346426672069,65.57434605615217,65.12381645895975,0.0021893093590630813,0.005511515889625951,68.0978027550391,68.01137227400343,0.013326420903442986,372336.2,0,11
2023-11-28,66.53251904697208,67.25024370585243,64.85024370585242,66.05024370585242,393252,70.52469816109796,71.52469816109796,69.52469816109796,70.52469816109796,224378,0.46261580846093847,2,113.93519509610061,45.528639979232224,0.76380285233024,0.0017595346964551783,65.71206295159608,65.24199838656833,0.0021371863007443475,0.030795718856128085,68.57400181924037,68.18908430843344,0.016505771937455015,381573.8,1,11
2023-11-29,66.19321345246574,67.40938201181335,65.00938201181334,66.20938201181335,135375,70.29042718046163,71.29042718046163,69.29042718046163,70.29042718046163,295004,0.021499766251303874,4,82.59203568653726,60.259063779694785,0.728298865340659,0.002409352290502209,65.85574472596957,65.34521943820295,0.0021606945575844494,-0.0033218289017158398,68.96444560771543,68.3578849958869,0.016233065567645758,337012.2,2,11
2023-11-30,66.57004648411227,67.5046995150999,65.1046995150999,66.3046995150999,256776,69.05764986448911,70.05764986448911,68.05764986448911,69.05764986448911,345173,-0.5835442605525762,17,93.34047604240708,42.75379259674342,0.6008912265083856,0.0014396374107454868,66.02647137330074,65.41868206093989,0.0021584780990848225,-0.01753833865324972,69.26664140265723,68.38842382529603,0.012921033765612235,319544.4,3,11
2023-12-01,66.29118717099333,67.58918931991583,65.18918931991583,66.38918931991583,489800,69.17103934573176,70.17103934573176,68.17103934573176,69.17103934573176,334568,-0.023496358196155354,7,93.30954875826177,45.937994207217315,0.5584811734058444,0.0012742657071644903,66.17754893858363,65.50580361669009,0.0014608801936192147,0.001641953953908759,69.49230793698058,68.43373202024247,0.012883666787496204,353976.4,4,12
2023-12-04,66.14732183026932,67.51839827563535,65.11839827563534,66.31839827563535,261464,68.62887587732237,69.62887587732237,67.62887587732237,68.62887587732237,123886,0.6848760332770765,8,99.2015363589426,38.985753087451855,0.7347034888995855,-0.0010663037914102613,66.25438256566336,65.59007692326199,0.0016583206287993735,-0.00783801246211635,69.53453808582057,68.47800747196058,0.013298981666892447,307333.4,0,12
2023-12-05,65.76892135345605,67.67237843625699,65.27237843625699,66.47237843625699,181605,68.32750018832184,69.32750018832184,67.32750018832184,68.32750018832184,268679,0.21659155874625993,12,99.39685746886246,51.81062487971349,0.9992599017054545,0.0023218317182762682,66.33880951174429,65.67500896588193,0.0016219131985214781,-0.004391383148097283,69.09509849126535,68.47681587500912,0.01323220658078822,265004.0,1,12
2023-12-06,65.54861703059404,67.73749156177762,65.33749156177761,66.53749156177761,447396,69.4673634499325,70.4673634499325,68.4673634499325,69.4673634499325,362404,-0.20272223595214717,2,129.9623909539814,44.493715895943836,0.5785522493158853,0.0009795516130517434,66.40443142173714,65.74111122682991,0.0016327389633599976,0.016682349836727894,68.93048574515952,68.5312323724619,0.014209713116669222,327408.2,2,12
2023-12-07,66.94542909731231,68.27621004784552,65.87621004784552,67.07621004784552,349228,69.4774988578991,70.4774988578991,68.4774988578991,69.4774988578991,327631,0.14777662860763918,10,89.22772125525242,44.63499922950823,0.808717871762248,0.008096465217173554,66.55873352828625,65.84132962038333,0.002448332987660146,0.00014590172223694076,69.01445554384152,68.6183596973215,0.013452647654694486,345898.6,3,12
2023-12-08,67.53132152390236,68.70307317790575,66.30307317790574,67.50307317790575,325028,70.45216285890854,71.45216285890854,69.45216285890854,70.45216285890854,185412,-0.18550335622243508,7,102.2896993566439,43.137428914128016,0.7442737173155829,0.006363852843739082,66.78151029988425,65.96200169565961,0.0027449901750964344,0.014028484286731313,69.27068024647687,68.7155517514779,0.013857810806259351,312944.2,4,12
2023-12-11,67.03075085549972,68.87381587385411,66.47381587385411,67.67381587385411,268033,69.71369236442803,70.71369236442803,68.71369236442803,69.71369236442803,205667,-0.3384518798867144,3,106.16507742467803,53.88677531368931,0.8558084020338257,0.0025294062612284396,67.052593819528,66.07921830434755,0.002674432426405311,-0.010481871166388657,69.487643543898,68.78144379101718,0.014516310268226137,314258.0,0,12
2023-12-12,67.57949613547042,68.79673356798774,66.39673356798774,67.59673356798774,149749,70.13954889300159,71.13954889300159,69.13954889300159,70.13954889300159,364862,-0.08709234080851805,8,99.98427995530804,53.557318257837736,0.9545248613841384,-0.001139027035361062,67.27746484587415,66.18423086492444,0.0029225074472878855,0.006108649737664118,69.85005328483395,68.86355692244214,0.010655640258613893,307886.8,1,12
2023-12-13,67.47136190814403,68.64448562664879,66.24448562664878,67.44448562664878,253580,70.53366188383049,71.53366188383049,69.53366188383049,70.53366188383049,90517,0.022881609809715302,9,101.10180577781358,59.060169455393925,0.1930832074608152,-0.002252297312351992,67.45886365884839,66.28198375573797,0.0032592209399191154,0.005618983826515933,70.06331297161356,68.92158001894906,0.010766745361112736,269123.6,2,12
2023-12-14,66.7120528520114,68.99005685504109,66.59005685504108,67.79005685504109,274990,71.00978261371145,72.00978261371145,70.00978261371145,71.00978261371145,248134,-0.46803887560834895,4,89.55191105693413,46.57146689463514,0.1654596363951163,0.005123787737151275,67.6016330202875,66.39469727057391,0.003411740670087368,0.006750262458585121,70.36976972277601,69.11880598557474,0.008837838939342308,254276.0,3,12
2023-12-15,67.4777405269578,69.13530285669755,66.73530285669754,67.93530285669755,472497,71.18578603194275,72.18578603194275,70.18578603194275,71.18578603194275,117151,-0.28728982263465896,11,101.06486194602682,51.094096855234,0.5863518284149009,0.0021425856297339063,67.68807895604586,66.52570712596739,0.0033959203488793345,0.002478579876645348,70.51649435738287,69.30487052483525,0.008829335104316681,283769.8,4,12
2023-12-18,68.33130206818389,69.32767012131616,66.92767012131615,68.12767012131616,222908,70.33537673082193,71.33537673082193,69.33537673082193,70.33537673082193,366268,0.0025838907955886815,15,105.11398996174373,43.553324012990245,0.44929506288650445,0.0028316244504626997,67.77884980553827,66.66504306172044,0.0031823099603315013,-0.011946335757804571,70.64083123066163,69.44020390385482,0.009458207087576716,274744.8,0,12
2023-12-19,68.03314554369292,69.03961617899506,66.63961617899506,67.83961617899506,159691,71.3524276170764,72.3524276170764,70.3524276170764,71.3524276170764,92391,-0.10204329399723853,6,103.27600584271129,48.324804886323406,0.5707226929191692,-0.004228149029728345,67.82742632773973,66.78894090923856,0.003868777819951473,0.014460019033477156,70.8834069754766,69.60064014270407,0.009804514476344757,276733.2,1,12
2023-12-20,67.55195856654893,69.32879602474881,66.9287960247488,68.12879602474881,271011,70.6486690067877,71.6486690067877,69.6486690067877,70.6486690067877,87485,0.09870281778652269,19,105.70200903912091,47.40577343359411,0.7980427344855086,0.004262698730351788,67.96428840735973,66.9208320534787,0.003907450470486355,-0.009863134777495342,70.90640840006805,69.71616318113914,0.009697928613327389,280219.4,2,12
2023-12-21,68.39506060337696,69.5158365781271,67.11583657812709,68.31583657812709,498827,71.69555132689148,72.69555132689148,70.69555132689148,71.69555132689148,185261,-0.30366708182714036,12,114.12607900636232,52.322249787477105,0.9317144800492464,0.0027453964298786993,68.06944435197693,67.06407056846287,0.0033653754607322955,0.014818146397113319,71.04356214270406,69.9236072029947,0.010507735029003167,324986.8,3,12
2023-12-22,68.67606165748822,69.36485804480799,66.96485804480798,68.16485804480799,292881,71.15847483883707,72.15847483883707,70.15847483883707,71.15847483883707,144053,0.17852843713832517,15,109.36966541914342,55.085109032090955,0.41741582519855813,-0.002210007823682969,68.11535538959902,67.19062339602819,0.0031707600672247855,-0.007491071316344855,71.03809990408291,70.07939561123081,0.010243289543477472,289063.6,4,12
2023-12-25,68.54036450776597,69.35182802827053,66.95182802827053,68.15182802827053,251650,70.32599552882375,71.32599552882375,69.32599552882375,70.32599552882375,238557,-0.29593977426504875,2,100.71294613497437,54.9553334541575,0.7179326455436245,-0.00019115445863460145,68.12018697098989,67.30150329042989,0.003139666420057878,-0.011698948184299174,71.03622366368327,70.17480913101588,0.010401477978526356,294812.0,0,12
2023-12-26,68.24986838053516,69.49751127404213,67.09751127404212,68.29751127404212,366753,71.10779265129341,72.10779265129341,70.10779265129341,71.10779265129341,175862,0.4106835754844075,15,88.28241648116722,45.785938638911944,0.19679918784140937,0.0021376278522002856,68.2117659899993,67.41386666883936,0.0030961024049053184,0.011116758697702789,70.98729667052667,70.20396385552564,0.010792101922966256,336224.4,1,12
2023-12-27,68.16343345250888,69.59742160917104,67.19742160917103,68.39742160917103,359509,71.6166398544093,72.6166398544093,70.6166398544093,71.6166398544093,194021,-0.42893957109457914,7,93.9999472528888,54.992339523115,0.5345519493545235,0.0014628693383573754,68.26549110688374,67.52326864870726,0.0028724777026366104,0.007155997734471065,71.180890840051,70.27027448922303,0.010869150230394564,353924.0,2,12
2023-12-28,68.10803133442896,69.62270357659621,67.2227035765962,68.4227035765962,219714,71.79048280488097,72.79048280488097,70.79048280488097,71.79048280488097,260775,-0.27313856759585314,14,97.80368848082584,49.779574314461016,0.021804777780519924,0.00036963334041506535,68.28686450657759,67.62916885178205,0.0025662011359425816,0.0024274100380172747,71.1998771356489,70.40691613624263,0.01072560058291266,298101.4,3,12
2023-12-29,68.72242073452992,69.6885108430751,67.28851084307509,68.48851084307509,487162,71.40391810460844,72.40391810460844,70.40391810460844,71.40391810460844,259391,0.1043427007579573,16,102.52345831341448,48.377015520514924,0.503750567133097,0.0009617753032107323,68.351595066231,67.73413492794003,0.0025312528739919295,-0.00538462321423816,71.24896578880318,70.51856007418645,0.010903785225820424,336957.6,4,12
2024-01-01,68.61952270278482,69.72197071621338,67.32197071621337,68.52197071621337,337178,72.44103805057401,73.44103805057401,71.44103805057401,72.44103805057401,379177,0.41605831287440953,5,95.21667238500605,46.45744256590541,0.5453364591254999,0.0004885472428353133,68.42562360381956,67.84431354996893,0.002430188937354477,0.014524692390775584,71.67197429315323,70.70916818284903,0.010797039077281561,354063.2,0,1
2024-01-02,68.95719606396426,69.84249406091317,67.44249406091316,68.64249406091317,123040,72.24700052350511,73.24700052350511,71.24700052350511,72.24700052350511,233794,0.07876075902904268,5,90.64266800815648,47.20032102819224,0.7354453357783313,0.0017589007356333397,68.49462016119378,67.95281933120174,0.001758797301113104,-0.002678558069991177,71.89981586759556,70.9051431996082,0.010115713991279194,305320.6,1,1
2024-01-03,69.11348268839374,70.24754578183317,67.84754578183316,69.04754578183316,263027,71.89355331199332,72.89355331199332,70.89355331199332,71.89355331199332,260554,0.14071448004559778,2,88.11801310879663,58.71156923098117,0.6494847902069917,0.005900888749184485,68.6246449957262,68.07832204220452,0.002117655857709882,-0.0048922060286337166,71.95519855911236,71.02645269271123,0.009616413942962896,286024.2,2,1
2024-01-04,68.98933553656185,69.77995356138814,67.37995356138813,68.57995356138814,469145,72.0300266486703,73.0300266486703,71.0300266486703,72.0300266486703,296941,0.00438422541826462,12,83.48822240944469,51.537053832470114,0.35839673430580155,-0.006772032447358245,68.65609499268459,68.15350921788163,0.0032519835675400726,0.0018982694607503348,72.00310732787023,71.15407908224981,0.008471254336270424,335910.4,3,1
2024-01-05,68.66244985617385,69.815153589695,67.415153589695,68.615153589695,257343,72.7754296808079,73.7754296808079,71.7754296808079,72.7754296808079,135754,-0.25659961352879834,15,97.6504929622543,50.87305923750603,0.005730900713121323,0.000513269935001448,68.68142354200856,68.2091132384711,0.003121400435161008,0.010348504183864016,72.27740964311013,71.27024242334478,0.008480366911016687,289946.6,4,1
2024-01-08,69.13149535385983,69.939150995794,67.53915099579399,68.73915099579399,327124,72.9154417562638,73.9154417562638,71.9154417562638,72.9154417562638,293427,-0.12253458705984482,8,85.30334557929694,48.68876570731527,0.11548587362294893,0.0018071431689925532,68.72485959792469,68.26237999456811,0.00312460309257594,0.0019238921167485934,72.37229038424809,71.43032989293656,0.0069391011452087205,287935.8,0,1
2024-01-09,69.32383643992351,70.0884250547402,67.6884250547402,68.8884250547402,345051,71.1516251262467,72.1516251262467,70.1516251262467,71.1516251262467,355811,-0.3029774299953192,4,89.99474315842608,62.22989305719014,0.9730606535174523,0.0021716017259993947,68.7740457966901,68.32696456890572,0.0031261612353280523,-0.024189891572117928,72.15321530479642,71.48093370459881,0.01068534060230379,332338.0,1,1
2024-01-10,68.49059404016927,70.09285735528168,67.69285735528167,68.89285735528168,381758,71.33693748858738,72.33693748858738,70.33693748858738,71.33693748858738,181780,-0.3196774919442179,7,96.06098127155697,56.525052444232124,0.9223331583153058,6.434027977797463e-05,68.7431081113798,68.39938315533738,0.00312778764539905,0.0026044712543371595,72.04189214011521,71.52109748483664,0.0104462841928991,356084.2,2,1
2024-01-11,67.69348391191441,69.79755593534979,67.39755593534979,68.59755593534979,448926,72.4885072073901,73.4885072073901,71.4885072073901,72.4885072073901,137068,0.10043722982993661,8,86.64082690608566,46.39468942600604,0.32509316308114533,-0.004286386590252933,68.74662858617214,68.43975810935281,0.0035099930062639107,0.01614268511298156,72.13358825185918,71.59503371452058,0.011678007046980863,352040.4,3,1
2024-01-12,69.5236429538144,69.95189652580713,67.55189652580712,68.75189652580713,159673,71.11692789530454,72.11692789530454,70.11692789530454,71.11692789530454,190788,-0.28079449552199043,18,103.79752188498696,48.63192472647688,0.2588529399238877,0.0022499429950944005,68.77397717339456,68.48058779280828,0.003561832106939446,-0.018921334773269072,71.80188789475851,71.59159080768868,0.013190734397428103,332506.4,4,1
2024-01-15,69.33612895459551,70.40779958923937,68.00779958923937,69.20779958923937,306698,71.41427490926436,72.41427490926436,70.41427490926436,71.41427490926436,168012,0.07988850168084034,3,107.40223063605687,48.92877728314545,0.4364162936900374,0.006631134360942426,68.86770689208363,68.53459426620445,0.004073674146762694,0.0041811003759550935,71.50165452535862,71.6455357166108,0.012270441555763196,328421.2,0,1
2024-01-16,68.10129896145673,70.1585419092048,67.7585419092048,68.9585419092048,313354,71.66682543078537,72.66682543078537,70.66682543078537,71.66682543078537,267247,-0.3254556880552744,7,94.50572980224601,50.729359891413,0.6899400296120728,-0.00360158365840213,68.88173026297655,68.59054055271494,0.004309165329243854,0.0035364151192724957,71.60469458626635,71.66125560729624,0.012353255413326901,322081.8,1,1
2024-01-17,68.86949584123279,70.42640558984215,68.02640558984214,69.22640558984214,160958,72.4785416155269,73.4785416155269,71.4785416155269,72.4785416155269,356395,0.07409575502918866,13,95.62972692389998,46.49387003684282,0.35682767265797366,0.0038844162480993205,68.94843990988865,68.6454210309696,0.0040670556926666,0.01132624725404452,71.83301541165426,71.75274923773321,0.012803525852081738,277921.8,2,1
2024-01-18,69.62183842870792,70.435901282523,68.035901282523,69.235901282523,369405,72.17446325855634,73.17446325855634,71.17446325855634,72.17446325855634,270858,-0.12217064224074063,5,105.37429770139077,52.19408261680849,0.06729384773115554,0.0001371686511808523,69.07610897932328,68.69142426618939,0.0032416545495550634,-0.004195425986681434,71.7702066218875,71.77669483431644,0.012894631121980086,262017.6,3,1
2024-01-19,69.16241453004343,70.50225294560988,68.10225294560988,69.30225294560988,147261,71.91191477336652,72.91191477336652,70.91191477336652,71.91191477336652,120163,0.35165388341266113,17,92.8600490276532,57.26044066019657,0.4027950924443964,0.000958341869720547,69.18618026328383,68.74829401122949,0.003237936950981035,-0.003637692243713353,71.9292039974999,71.81436683104292,0.012430851178470575,259535.2,4,1
2024-01-22,68.8974951544353,70.35352586409488,67.95352586409487,69.15352586409487,282498,71.74899838706017,72.74899838706017,70.74899838706017,71.74899838706017,180703,0.08092972389476624,18,92.17266088402705,43.43185945497918,0.2605889944814319,-0.002146064163768724,69.17532551825494,68.7983789030207,0.003367397948345883,-0.0022654992127492113,71.99614869305906,71.88551697395474,0.012387276595597935,254695.2,0,1
2024-01-23,69.85948567072785,70.35904474057136,67.95904474057136,69.15904474057136,232099,71.73164250192373,72.73164250192373,70.73164250192373,71.73164250192373,300580,0.30894572324853536,8,111.96498478186291,44.35926631453967,0.3249300112112118,7.980614737324032e-05,69.21542608452825,68.84145557634716,0.003324049554358221,-0.00024189724632539544,72.00911210728673,71.91670946648625,0.009500930211753323,238444.2,1,1
2024-01-24,68.9929962233322,70.7166397965241,68.3166397965241,69.5166397965241,161994,71.98893401932874,72.98893401932874,70.98893401932874,71.98893401932874,185701,-0.18891167910629814,15,108.84187738712787,47.58420722351347,0.16295724578730442,0.0051706187859323904,69.27347292586464,68.89741648571483,0.0036440510866657797,0.0035868622051713484,71.9111905880471,71.93532417473223,0.00952609922846036,238651.4,2,1
2024-01-25,69.31918817003898,70.91826484891641,68.5182648489164,69.7182648489164,428928,74.08724457528204,75.08724457528204,73.08724457528204,74.08724457528204,267645,0.014035835061041821,15,106.01550002343919,47.81602219946085,0.6588400694456474,0.0029003854758005154,69.36994563914332,68.96219454933083,0.0031857093799148467,0.029147681994984298,72.29374685139223,72.05016226325229,0.012311096548897914,250556.0,3,1
2024-01-26,70.27285759346238,71.36716435593824,68.96716435593824,70.16716435593824,197647,73.34567099864957,74.34567099864957,72.34567099864957,73.34567099864957,302094,-0.24527178952906958,13,109.25644621394093,59.99232937372965,0.5266309332452249,0.006438764762643379,69.542927921209,69.04612722497399,0.003533238749930908,-0.01000946358423338,72.58049809644885,72.14724990795435,0.010843151639058723,260633.2,4,1
2024-01-29,70.69034477302216,71.69511730699523,69.29511730699522,70.49511730699523,202095,74.02717273963808,75.02717273963808,73.02717273963808,74.02717273963808,185333,-0.10340131068610453,4,80.22721274632637,55.00854610007419,0.2708631172953543,0.004673880640143402,69.81124620978906,69.14478455451308,0.0032973129674765058,0.009291642324753546,73.03613296696443,72.22655664240754,0.011016571011331118,244552.6,0,1
2024-01-30,70.91063895265988,71.86246743548952,69.46246743548951,70.66246743548952,441757,73.36902095461816,74.36902095461816,72.36902095461816,73.36902095461816,287171,-0.06552605568615727,1,113.53835546793107,54.72161176059132,0.5538624813062414,0.0023739251013017437,70.11193074877269,69.24578322324189,0.002684101655638426,-0.008890678390956586,73.36360865750332,72.28265766396319,0.011710359084899235,286484.2,1,1
2024-01-31,71.56612333942658,72.3105043171421,69.9105043171421,71.1105043171421,450946,73.99893031083047,74.99893031083047,72.99893031083047,73.99893031083047,207397,-0.1814645551717848,7,103.92062116583742,48.678171532433,0.49270784716723803,0.006340521325010506,70.4307036528963,69.34893115000735,0.0029312322410919613,0.008585494913472269,73.76560791580366,72.38792651390506,0.011508862018742495,344274.6,2,1
2024-02-01,71.37476756027716,72.4754782499364,70.0754782499364,71.2754782499364,113788,73.84734586111419,74.84734586111419,72.84734586111419,73.84734586111419,123216,-0.30387571471142377,3,110.10781384005735,48.56843296606593,0.795974856566028,0.0023199657262806817,70.7421463331003,69.48370738443477,0.0027980286698411527,-0.0020484681208168265,73.7176281729701,72.47879247452725,0.011397086793341716,281246.6,3,2
2024-02-02,71.76793682136079,72.7232448518916,70.32324485189159,71.52324485189159,211150,72.93221985094007,73.93221985094007,71.93221985094007,72.93221985094007,199098,-0.3533793309131632,6,103.87161779116363,42.74147293117301,0.9559842693402016,0.0034761829459266647,71.01336243229098,69.6291119475446,0.0027148401262605984,-0.012392131355610458,73.6349379434282,72.48663198303386,0.012215144198191943,283947.2,4,2
2024-02-05,71.39723776355976,72.7268423932173,70.32684239321729,71.5268423932173,383544,73.70003682710858,74.70003682710858,72.70003682710858,73.70003682710858,221133,-0.5849370289268493,13,100.48924824680157,53.90870114023909,0.13067050897865595,5.029891097851902e-05,71.21970744953538,69.76849651741576,0.002293818777750064,0.010527815795786655,73.5695107609223,72.5258617365761,0.012447437600216237,320237.0,0,2
2024-02-06,71.63892461044887,72.80757545883051,70.40757545883051,71.60757545883051,411255,73.52120425084227,74.52120425084227,72.52120425084227,73.52120425084227,80763,-0.26408661587586446,12,97.24690787637945,52.455273024043926,0.8839134789079829,0.0011287100466337296,71.40872905420358,69.90445403762027,0.0021451842757450046,-0.002426492359641874,73.59994742016713,72.64434069280588,0.012524822226786822,314136.6,1,2
2024-02-07,71.57572770589884,72.72196061587202,70.32196061587202,71.52196061587202,499756,73.17209034910105,74.17209034910105,72.17209034910105,73.17209034910105,365665,0.15687347416796113,4,103.67144376886205,56.42998682339142,0.7047969382849021,-0.0011956115314603055,71.49102031394956,70.03590920064978,0.002504659494975878,-0.004748479099309866,73.43457942782122,72.73609833583157,0.012722999834876582,323898.6,2,2
2024-02-08,71.90692593839697,72.99937687048745,70.59937687048745,71.79937687048745,321863,74.08216148590859,75.08216148590859,73.08216148590859,74.08216148590859,248924,-0.39962463300332074,1,96.88252091095448,48.94585143321916,0.6925535452979048,0.003878756290048635,71.59580003805976,70.19600024740667,0.0025258349166722865,0.012437407930614208,73.48154255278011,72.81578104975748,0.009374843851547101,365513.6,3,2
2024-02-09,71.99340529952974,72.80713539573836,70.40713539573835,71.60713539573835,102993,75.40210880336733,76.40210880336733,74.40210880336733,75.40210880336733,91617,-0.34203071156332626,5,108.67876100065112,49.29110426899801,0.3743008971424723,-0.0026774811025988,71.61257814682912,70.33876219090322,0.00276040291703073,0.017817343487066317,73.97552034326557,73.03004009516063,0.010159869909521458,343882.2,4,2
2024-02-12,72.11454325122475,73.03697041025234,70.63697041025233,71.83697041025233,449452,74.81030870962972,75.81030870962972,73.81030870962972,74.81030870962972,357757,0.44772464280822877,9,84.135433554478,50.850227642803176,0.343908195464921,0.0032096663725449393,71.67460375023613,70.47022073195387,0.0026412493581847805,-0.00784858809825717,74.19757471976979,73.1998417851789,0.010389123152849499,357063.8,0,2
2024-02-13,71.87729080970826,73.05518230825817,70.65518230825816,71.85518230825816,164418,75.62952056565086,76.62952056565086,74.62952056565086,75.62952056565086,353652,-0.1591240124620635,15,94.58424138205723,54.45948787753548,0.005639484822516971,0.0002535170665163289,71.72412512012167,70.61505275190655,0.0026829120967103584,0.010950520993047164,74.6192379827315,73.39797654192218,0.010160950469527981,307696.4,1,2
2024-02-14,71.76151707184299,73.36608006431351,70.9660800643135,72.1660800643135,148318,75.41266961045403,76.41266961045403,74.41266961045403,75.41266961045403,83855,0.08026150229120894,7,120.44823248476646,42.64892188951261,0.9822048746373078,0.004326726981522144,71.85294900980996,70.76203647563011,0.0023488789648937205,-0.002867279252532051,75.06735383500211,73.54468294166853,0.010117487303385055,237408.8,2,2
2024-02-15,72.4184990406607,73.58466341162935,71.18466341162934,72.38466341162935,369657,75.85419870705844,76.85419870705844,74.85419870705844,75.85419870705844,132217,0.16057928662512366,6,93.73919536427607,53.68028066869187,0.6065058323730488,0.0030288931742037395,71.97000631803834,70.91947458208543,0.0023875257107620162,0.005854839762140074,75.42176127923207,73.72866971409363,0.010079909616575077,246967.6,3,2
2024-02-16,72.81876914831099,74.03277804075887,71.63277804075886,72.83277804075887,341526,75.29223984357613,76.29223984357613,74.29223984357613,75.29223984357613,196414,0.16563153244532006,11,97.61316276936522,49.89752218913585,0.40232862392392543,0.006190739971825732,72.21513484704244,71.09600083684288,0.002756869384188777,-0.007408408144320977,75.39978748727383,73.89768596760412,0.0093455929750685,294674.2,4,2
2024-02-19,73.14050354855387,74.24391275864727,71.84391275864726,73.04391275864727,123996,76.35828333116287,77.35828333116287,75.35828333116287,76.35828333116287,242319,-0.3805785576520149,2,91.17419066649924,44.70681366023152,0.5437688218921786,0.002898896946787355,72.45652331672144,71.2905201815705,0.0027003493594795498,0.014158743182584255,75.70938241158046,74.12815021480925,0.009723568966271235,229583.0,0,2
2024-02-20,73.85930811344849,73.9560454598783,71.55604545987829,72.7560454598783,167712,76.1932740003229,77.1932740003229,75.1932740003229,76.1932740003229,312244,-0.057764919974872556,5,103.35845672885824,39.57697123672967,0.04052703409626246,-0.003941016956746979,72.63669594704547,71.47037021753586,0.003310767949784941,-0.002160987958887528,75.82213309851488,74.35123178972921,0.00970565546864349,230241.8,1,2
2024-02-21,72.52977106701081,73.99165745628143,71.59165745628142,72.79165745628143,335915,75.44566908094122,76.44566908094122,74.44566908094122,75.44566908094122,215787,-0.40455681737959803,1,92.63735109857805,49.31763144060823,0.17365095529166885,0.000489471303422695,72.76181142543905,71.63412110052371,0.003193632719893299,-0.009811954259617672,75.82873299261232,74.52406854280983,0.010304285684551861,267761.2,2,2
2024-02-22,72.79807805246455,73.78693354290186,71.38693354290186,72.58693354290186,202139,75.92265776527157,76.92265776527157,74.92265776527157,75.92265776527157,275749,0.6115794647275808,10,98.1438906519295,57.23856491637035,0.6233599249634025,-0.0028124639626804226,72.80226545169356,71.77755453522299,0.0033962808235630066,0.006322280525057344,75.84242480425493,74.6158392023093,0.009861315687270243,234257.6,3,2
2024-02-23,73.05597761437801,73.72174658075586,71.32174658075586,72.52174658075586,373600,75.86145923590075,76.86145923590075,74.86145923590075,75.86145923590075,83241,-0.3987188160039,9,108.48866536035071,58.373423333706974,0.51426172968362,-0.000898053671153809,72.74005915969295,71.89528364646387,0.003218531269155912,-0.0008060641075029462,75.95626868271987,74.74162861417186,0.008278889415935334,240672.4,4,2
2024-02-26,72.94224311564217,74.09324215859249,71.69324215859248,72.89324215859249,264705,75.56351058591443,76.56351058591443,74.56351058591443,75.56351058591443,290732,-0.26196005471745504,12,93.01236581185184,51.77688105335048,0.7870748229276331,0.005122540415142263,72.70992503968198,72.01518988904374,0.003398146591560347,-0.003927536498603557,75.79731413367018,74.81844550648569,0.007917225509635533,268814.2,0,2
2024-02-27,74.24322875403418,74.2743061944481,71.8743061944481,73.0743061944481,335258,75.4006451350855,76.4006451350855,74.4006451350855,75.4006451350855,372927,-0.26015021371037617,12,107.88611119265221,59.81002831921124,0.6587426904453371,0.0024839618940488695,72.77357718659594,72.13578182699166,0.003382891259479868,-0.0021553452131337636,75.6387883606227,74.92002671550905,0.007139143594546798,302323.4,1,2
2024-02-28,72.77593939531278,74.16495904117852,71.76495904117851,72.96495904117852,289982,75.25448204203956,76.25448204203956,74.25448204203956,75.25448204203956,248386,-0.3741651191807201,8,108.22229315560357,49.78529458521628,0.6014356759793872,-0.0014963830512274567,72.80823750357536,72.22850456319348,0.003379569762837676,-0.001938485974278925,75.60055095284237,74.9828043020695,0.007107718460981806,293136.8,2,2
2024-02-29,72.94790705395357,73.98586244279355,71.58586244279354,72.78586244279354,246073,75.83776576794642,76.83776576794642,74.83776576794642,75.83776576794642,225576,0.33814847743913634,17,110.54956094719293,54.76651775821391,0.8152657043053134,-0.0024545562793216735,72.8480232835537,72.30402377283635,0.0034764904073929207,0.007750817095266482,75.58357255337732,75.08232529741112,0.007309230859062949,301923.6,3,2
2024-03-01,72.43163170235957,74.03103457480606,71.63103457480605,72.83103457480605,236962,76.02724049607964,77.02724049607964,75.02724049607964,76.02724049607964,175077,0.605611975270874,18,101.40540994918041,47.743845555467864,0.06826310555190063,0.000620616840914856,72.90988088236375,72.36941325898206,0.0028664902725644057,0.0024984218115415846,75.61672880541312,75.2370763296681,0.006850150740269304,274596.0,4,3
2024-03-04,72.42879245240938,73.80455481998104,71.40455481998103,72.60455481998103,378912,75.12903932170629,76.12903932170629,74.12903932170629,75.12903932170629,385365,-0.11893727982815434,3,132.41259076976786,47.427005803579256,0.6908867964312853,-0.003109659997928449,72.85214341464146,72.42329888032025,0.002821005394640919,-0.01181420196909122,75.52983455257149,75.30852645439798,0.006196313855450449,297437.4,0,3
2024-03-05,72.61854082636899,73.69407387117066,71.29407387117065,72.49407387117066,305754,75.51002507596631,76.51002507596631,74.51002507596631,75.51002507596631,90625,-0.3301057867111025,18,110.54533696542082,46.612454415596815,0.7155907132890155,-0.001521680686346838,72.73609694998596,72.46762380093726,0.0025974831566479553,0.005071085131657549,75.55171054074765,75.40796749565418,0.006536813761769846,291536.6,1,3
2024-03-06,73.01727638385064,73.79412435269678,71.39412435269678,72.59412435269678,337717,75.93644657437987,76.93644657437987,74.93644657437987,75.93644657437987,171758,-0.5592313746815053,4,103.24877624406827,39.69735526437844,0.275163549680011,0.0013801194523006544,72.66193001228962,72.5212319877785,0.002644598674416553,0.00564721701501969,75.6881034472157,75.54618530691812,0.005995642156820959,301083.6,2,3
2024-03-07,73.03403056377118,74.07448314675939,71.67448314675939,72.87448314675939,330923,76.24539757555857,77.24539757555857,75.24539757555857,76.24539757555857,124386,-0.06102717963052537,5,91.24075585918266,56.435461299734555,0.19564963648739442,0.0038620039371297654,72.67965415308278,72.57498730159209,0.0027704857889798355,0.004068546990489974,75.76962980873813,75.65434711140063,0.00579846804203618,318053.6,3,3
2024-03-08,73.66448418740612,74.23492676273875,71.83492676273875,73.03492676273875,183054,76.96605483481224,77.96605483481224,75.96605483481224,76.96605483481224,357208,-0.07909135579036096,11,99.02940874125859,46.79183780430992,0.21385247545599917,0.0022016432782960837,72.72043259066932,72.6463768699421,0.0027826318966882573,0.009451813252590258,75.95739267648466,75.73254441297287,0.006426932564667427,307272.0,4,3
2024-03-11,72.51960215900948,73.76708481430582,71.36708481430581,72.56708481430582,465291,76.33327331362464,77.33327331362464,75.33327331362464,76.33327331362464,234433,-0.16282403159003614,1,114.26326976900035,45.99280610122402,0.19814086343199422,-0.006405729000766525,72.71293858953428,72.68288259014479,0.0031186549469312693,-0.008221566280689596,76.19823947486832,75.80869264317262,0.006949479671881862,324547.8,0,3
2024-03-12,72.49193242512345,73.85801669004296,71.45801669004295,72.65801669004296,325254,75.05724183038903,76.05724183038903,74.05724183038903,75.05724183038903,375164,0.0553438134940571,7,117.09534615626268,44.10014159193662,0.5237821909035946,0.0012530732903193176,72.74572715330874,72.72302430923403,0.0030127460551871784,-0.016716582793362966,76.10768282575287,75.78007870640951,0.008934446519960412,328447.8,1,3
2024-03-13,74.04885679627613,73.89686424263644,71.49686424263643,72.69686424263644,387225,76.70701596835924,77.70701596835924,75.70701596835924,76.70701596835924,292850,0.09879328570387158,4,114.78329100440229,48.97820281731858,0.13562631136582848,0.0005346629919613655,72.76627513129667,72.74956351815017,0.003011595500761951,0.021980212671527388,76.26179670454874,75.84479602430478,0.011356282494585578,338349.4,2,3
2024-03-14,73.00475980835968,74.00764098363867,71.60764098363866,72.80764098363866,452762,75.48905508090523,76.48905508090523,74.48905508090523,75.48905508090523,258186,0.08077081448447516,10,107.8519230672962,58.81746155279871,0.6592858614193504,0.0015238173221954199,72.75290669867253,72.77071239675064,0.0029671845474984605,-0.015878089795024808,76.11052820561808,75.82653884299711,0.012427857596580728,362717.2,3,3
2024-03-15,72.81645552400228,74.37619629699155,71.97619629699155,73.17619629699155,469882,76.8031199844642,77.8031199844642,75.8031199844642,76.8031199844642,245591,-0.0790312179921218,16,87.44339793704428,60.468894254113586,0.10507825894876954,0.005062041680978346,72.78116060552308,72.78788330956228,0.003369851985926183,0.017407356631376825,76.07794123554848,75.90208285004152,0.01364746326135101,420082.8,4,3
2024-03-18,72.4009269464193,73.94805882754333,71.54805882754333,72.74805882754333,366733,75.78885080317399,76.78885080317399,74.78885080317399,75.78885080317399,144856,-0.2754054573935655,18,104.8716181782567,41.69566562098959,0.026889640310256202,-0.005850775130625596,72.81735540817058,72.77309061300707,0.0037805643474633434,-0.013206093469840585,75.96905673345833,75.87361122364209,0.013800048595602476,400371.2,0,3
2024-03-19,72.16462185252072,73.8359618097864,71.43596180978639,72.6359618097864,414846,75.38867218271221,76.38867218271221,74.38867218271221,75.38867218271221,259855,0.16645827445167896,5,87.58597621947003,48.22776002011859,0.3192902424458711,-0.0015408935930878442,72.81294443211928,72.76708643050247,0.0037815434945750277,-0.005280177971045519,76.03534280392299,75.83338113276156,0.013845593278828477,418289.6,1,3
2024-03-20,73.24551520510185,73.97723052717346,71.57723052717346,72.77723052717346,288716,74.6926124113085,75.6926124113085,73.6926124113085,74.6926124113085,299279,0.0031284398553826135,11,85.12528806619241,44.828211149531505,0.19185972373304105,0.0019448867181934837,72.82901768902668,72.76636508404708,0.003805236703323166,-0.009232949079096886,75.63246209251284,75.7957282992799,0.013961432011178485,398587.8,2,3
2024-03-21,72.26509533964307,73.64728398608969,71.24728398608968,72.44728398608969,395117,75.34434527995988,76.34434527995988,74.34434527995988,75.34434527995988,388910,0.22208938120866256,10,102.39158684577238,54.9416887060576,0.9886620554100823,-0.0045336506857124315,72.75694628951689,72.75938260620647,0.0038477807799386574,0.008725533190116597,75.60352013232375,75.76681267501434,0.014244932023468616,387058.8,3,3
2024-03-22,72.83948719842856,73.97580596060031,71.5758059606003,72.77580596060031,228633,74.84017601941694,75.84017601941694,73.84017601941694,74.84017601941694,255672,0.19751888736805784,8,105.23199447269751,51.432967736469635,0.3029963006172174,0.004534634791467207,72.67686822223864,72.7720855751987,0.004097851928749886,-0.006691534164502633,75.21093133931431,75.71574851419014,0.013825184848396654,338809.0,4,3
2024-03-25,72.83136796447712,74.06312230169627,71.66312230169626,72.86312230169627,384712,76.44350184320193,77.44350184320193,75.44350184320193,76.44350184320193,380427,-0.3554405172617789,13,109.03377098480804,46.81715336310083,0.22206408602551375,0.0011997990258358904,72.69988091706924,72.77057958235388,0.0035125736553612294,0.02142333047652123,75.3418615473199,75.75974807705451,0.015579410455577213,342404.8,0,3
2024-03-26,73.41751246433184,74.25176626036136,71.85176626036136,73.05176626036136,134354,76.96184185464492,77.96184185464492,75.96184185464492,76.96184185464492,382249,-0.3585555518644008,19,104.97136240386094,50.362865402955094,0.19676982349921457,0.0025890183223826746,72.78304180718422,72.76945258564955,0.003572970489426657,0.0067806942244246216,75.65649548170643,75.83780791303248,0.014467931565458888,286306.4,1,3
2024-03-27,72.50887985062273,74.13225189706475,71.73225189706474,72.93225189706475,465711,75.45410530348673,76.45410530348673,74.45410530348673,75.45410530348673,247216,-0.1888851796851321,8,105.31585985742748,47.612906892961455,0.3738529048034903,-0.0016360229110773394,72.81404608116247,72.76781722844386,0.003639085786673301,-0.019590702545890126,75.80879406014209,75.84778907610485,0.014252271081384197,321705.4,2,3
2024-03-28,72.57207394734606,74.30986009041757,71.90986009041757,73.10986009041757,197850,76.29104253592914,77.29104253592914,75.29104253592914,76.29104253592914,220567,-0.264066352072667,2,90.15347415007624,58.071230471874486,0.6058488953315778,0.0024352489979810876,72.94656130202804,72.78401711082506,0.0036834707874352926,0.011092003928429461,75.99813351133594,75.87045291450397,0.013784703881566981,282252.0,3,3
2024-03-29,73.45265869889788,74.54051004530709,72.14051004530708,73.34051004530708,362625,75.9052751321023,76.9052751321023,74.9052751321023,75.9052751321023,125665,0.18881294399402518,18,98.95023315315333,52.734797575080194,0.7819452750462824,0.0031548406002182006,73.0595021189694,72.80949088435011,0.0034589707723885563,-0.005056522902346705,76.211153333873,75.86435464630512,0.012620940900690646,309050.4,4,3
2024-04-01,73.6891763703625,74.58869672801255,72.18869672801254,73.38869672801255,104474,76.01160588993048,77.01160588993048,75.01160588993048,76.01160588993048,165924,0.08782741899697943,18,84.92883214365511,53.34911710458219,0.3645762477430684,0.000657026828361218,73.16461700423265,72.84869797975168,0.0027214268908022222,0.0014008348911602742,76.12477414321872,75.90848297471632,0.011888650868907606,253002.8,0,4
2024-04-02,73.60150448368655,74.63523832713774,72.23523832713774,73.43523832713774,162286,76.89993514945697,77.89993514945697,75.89993514945697,76.89993514945697,361309,0.2747959984463277,7,79.96630870599805,36.66541260983551,0.6259709800427894,0.0006341793927433503,73.24131141758794,72.89575620255003,0.002590151437826565,0.011686758214434212,76.11239280218112,75.97797847839085,0.01220134964266699,258589.2,1,4
2024-04-03,73.08284460369566,74.68757146824433,72.28757146824432,73.48757146824433,494650,76.46444851113827,77.46444851113827,75.46444851113827,76.46444851113827,124251,0.09912170435272957,10,107.40642709843074,49.66605660585594,0.48205989827938744,0.0007126434433759599,73.35237533182385,72.94042855832741,0.002574649725035703,-0.005663029981394785,76.31446144371144,76.00437857522877,0.011882485342604202,264377.0,2,4
2024-04-04,73.63180130161005,74.49305888056436,72.09305888056436,73.29305888056436,433345,77.33684770572296,78.33684770572296,76.33684770572296,77.33684770572296,207058,0.052162395468342254,17,92.4687560620904,60.41605479529517,0.8464953462533984,-0.002646877339850806,73.38901508985322,72.96135734501766,0.002162226829971028,0.011409213190854528,76.52362247767019,76.05895108173698,0.012069782437332718,311476.0,3,4
2024-04-05,72.8792671649445,74.45119762849231,72.0511976284923,73.2511976284923,188992,75.96185814127055,76.96185814127055,74.96185814127055,75.96185814127055,303562,0.2999324450860426,10,108.72498502143054,56.63064535018342,0.5690417771584352,-0.000571148928853793,73.37115260649026,72.97217088830534,0.0018593325728557405,-0.017779229503695593,76.53493907950384,76.0087412470599,0.013455926806219643,276749.4,4,4
2024-04-08,72.94552827093298,74.40629759332617,72.00629759332617,73.20629759332617,152338,76.80589939281086,77.80589939281086,75.80589939281086,76.80589939281086,156999,0.11743183493376212,10,111.08347577880039,40.76455207039848,0.28989167187910014,-0.0006129597415438504,73.33467277955299,73.00413152725636,0.0018882280165661899,0.011111382372592793,76.69379778007992,76.03237255101922,0.01209138455503231,286322.2,0,4
2024-04-09,72.80322453003657,74.47520129239757,72.07520129239757,73.27520129239757,425950,76.33364934017224,77.33364934017224,75.33364934017224,76.33364934017224,391715,0.0170252408594297,18,93.80682675376802,48.432870836582026,0.7035872571782559,0.0009412263881198868,73.30266537260495,73.03499075737409,0.0017497363366838947,-0.0061486169209915564,76.58054061822297,76.09619292650838,0.012040979167599022,339055.0,1,4
2024-04-10,74.12588578949953,74.67530661517353,72.27530661517352,73.47530661517352,496067,76.95277342102007,77.95277342102007,75.95277342102007,76.95277342102007,287834,0.37011325848267135,16,105.903110945553,43.99240267040639,0.8200644880229958,0.002730873736906725,73.30021240199079,73.07391287600095,0.0017558996532851252,0.008110762241809955,76.67820560019933,76.10848079914142,0.010284187226376426,339338.4,2,4
2024-04-11,73.54557736864956,74.42886659813588,72.02886659813588,73.22886659813588,167457,75.96057200373791,76.96057200373791,74.96057200373791,75.96057200373791,89070,0.028795220788197514,10,93.38843271386358,58.55550780181435,0.46544065676396507,-0.0033540522440875797,73.2873739455051,73.0949741567258,0.0020635738408298007,-0.012893640776969528,76.40295045980233,76.13205664528306,0.01072012667887668,286160.8,3,4
2024-04-12,73.48463439121917,74.38213770337974,71.98213770337973,73.18213770337974,365577,76.15240240084879,77.15240240084879,75.15240240084879,76.15240240084879,159095,-0.07608515122948041,4,81.54121125373176,51.22139141137954,0.9871972388823189,-0.0006381212345205611,73.27356196048257,73.09527122704522,0.0017822897733592972,0.002525394320377572,76.44105931171798,76.09952076610229,0.010620454282931503,321477.8,4,4
2024-04-15,74.10408988846129,74.68048417789007,72.28048417789006,73.48048417789006,213440,76.4111848503107,77.4111848503107,75.4111848503107,76.4111848503107,316942,-0.2094558146944124,9,101.23309404442459,46.16102220134282,0.8790968791913134,0.004076766324039083,73.32839927739535,73.13189249456255,0.002237967050563391,0.003398217801452219,76.36211640321794,76.13063746845913,0.010660576757951137,333698.2,0,4
2024-04-16,74.70263553111782,74.49631090699846,72.09631090699845,73.29631090699846,397754,75.79467663809099,76.79467663809099,74.79467663809099,75.79467663809099,356221,0.1757563647613528,13,95.29126120284239,50.17078971770395,0.19695466966549147,-0.0025064242969022876,73.33262120031551,73.16490994942316,0.002375088562787442,-0.008068298030287746,76.2543218628017,76.15093769122805,0.010192964716403708,328059.0,1,4
2024-04-17,72.23863498136342,74.2932480333185,71.8932480333185,73.0932480333185,267310,76.49049695406755,77.49049695406755,75.49049695406755,76.49049695406755,376617,0.3092626354606172,6,95.59910989412869,36.96317235465758,0.7867558721562373,-0.002770437845604712,73.25620948394453,73.18071082473041,0.002481539847606086,0.009180332271869318,76.16186656941119,76.24083191836601,0.010576703103267643,282307.6,2,4
2024-04-18,72.74041492466955,74.30960321510811,71.9096032151081,73.10960321510811,150141,76.49975261845513,77.49975261845513,75.49975261845513,76.49975261845513,352374,-0.012646850358357517,11,119.75343117845526,44.57519348271712,0.6009512443497661,0.00022375776463179342,73.23235680733896,73.21382678618133,0.002373807448317477,0.00012100410843385312,76.26970269235463,76.29860228529077,0.009808221274943902,278844.4,3,4
2024-04-19,72.95468733495757,74.46277487704484,72.06277487704483,73.26277487704483,229762,76.61890769398818,77.61890769398818,75.61890769398818,76.61890769398818,103930,0.32697890594495965,13,84.74143017267329,50.18221862913155,0.5348112978078347,0.0020950963375638842,73.248484242072,73.23817523200356,0.0024808090611511506,0.00155758772354897,76.36300375098251,76.38753886901932,0.007853734813500117,251681.4,4,4
2024-04-22,72.80875939791733,74.43416920910867,72.03416920910867,73.23416920910867,315449,77.15634860145926,78.15634860145926,76.15634860145926,77.15634860145926,313499,-0.492503757992894,2,103.82871135371471,54.22837684226661,0.5139385865795684,-0.0003904529685665459,73.19922124831571,73.25672757737418,0.0024755075867393885,0.0070144684079496145,76.51203650121222,76.4231812069322,0.007352093626040852,272083.2,0,4
2024-04-23,72.94951656457837,74.68830818838023,72.28830818838023,73.48830818838023,419340,77.35791506912201,78.35791506912201,76.35791506912201,77.35791506912201,115254,-0.0138633437019787,11,90.05192762855249,40.2934293970133,0.853411142782429,0.0034702241046240534,73.23762070459208,73.27855467377512,0.0026969884860694963,0.0026124417668327293,76.82468418741841,76.44298486765607,0.006987429534574412,276400.4,1,4
2024-04-24,73.48880609039539,74.83863262242308,72.43863262242307,73.63863262242307,108410,76.4136658085136,77.4136658085136,75.4136658085136,76.4136658085136,104496,-0.010023728026109048,15,109.08261409267324,48.09422346148785,0.6108727889034485,0.0020455557863368057,73.34669762241299,73.31387371004304,0.002636200344969213,-0.012206239785091055,76.80931795830763,76.49096289290739,0.007720391405316087,244620.4,2,4
2024-04-25,73.17561143147009,74.9839132891148,72.58391328911479,73.78391328911479,483077,77.00774468017529,78.00774468017529,76.00774468017529,77.00774468017529,301426,-0.18174859310183675,5,102.98431236175065,55.04842869259411,0.5377059850537337,0.0019728865341190893,73.48155963721433,73.34757636997789,0.0023558862048972625,0.007774510820491187,76.91091637065168,76.52679800011971,0.0067975313193512285,311207.6,3,4
2024-04-26,74.03277981770651,75.0652586339378,72.6652586339378,73.8652586339378,359840,76.49109822038287,77.49109822038287,75.49109822038287,76.49109822038287,233013,0.5959652594954683,11,103.79344349180613,42.742733378133636,0.048859906758049076,0.0011024807603285947,73.6020563885929,73.37381379940943,0.0023050365487231133,-0.006709019488080559,76.88535447593061,76.55608915453374,0.007239189959617269,337223.2,4,4
2024-04-29,74.35376462759768,75.52791546688339,73.12791546688338,74.32791546688338,450117,77.34192865655211,78.34192865655211,76.34192865655211,77.34192865655211,287348,-0.01654815817219029,14,90.5511038239774,51.145914173920865,0.4483028697585574,0.0062635241722828194,73.82080564014787,73.42077473635298,0.0027054756132788606,0.011123260823342696,76.92247048694918,76.6226052928648,0.007962700098436358,364156.8,0,4
2024-04-30,74.48224603014683,75.44173169776501,73.041731697765,74.241731697765,472021,76.88188202829369,77.88188202829369,75.88188202829369,76.88188202829369,352475,-0.10193269290110832,1,92.34412086711677,50.32987251553002,0.9080415620455077,-0.0011595074149062246,73.97149034202481,73.46109940488434,0.002531088457857969,-0.005948217690579294,76.8272638787835,76.62170263680665,0.007711592301243059,374693.0,1,4
2024-05-01,74.01923433170197,74.96537010588284,72.56537010588283,73.76537010588284,161431,77.73741229136446,78.73741229136446,76.73741229136446,77.73741229136446,102024,0.006490528358376255,13,109.27250507345886,58.57190160178301,0.711736729344619,-0.006416358845472758,73.99683783871676,73.47498933676627,0.0033198901808186216,0.011127852759326595,77.09201317535369,76.68535082581795,0.007949378560381077,385297.2,2,5
2024-05-02,74.36808129577734,75.26657786906401,72.866577869064,74.066577869064,137492,77.28479675926978,78.28479675926978,76.28479675926978,77.28479675926978,248809,-0.5007034346314574,5,117.70797721727563,48.84931903444181,0.050953978056153426,0.004083322062219841,74.0533707547066,73.51366528619124,0.0034515971229792117,-0.005822364274208791,77.14742359117258,76.68274827849531,0.008290966689726098,316180.2,3,5
2024-05-03,73.73401111751812,75.12071558593007,72.72071558593007,73.92071558593007,410675,76.78989810906741,77.78989810906741,75.78989810906741,76.78989810906741,347015,-0.18996698133622877,8,104.80307817224187,49.14199700812465,0.8839922821510423,-0.001969340117101037,74.06446214510505,73.54714118406314,0.0035851611377725905,-0.0064035705721515734,77.20718356890949,76.72415027688514,0.008613038460931898,326347.2,4,5
2024-05-06,74.9559254385664,75.09535373724957,72.69535373724956,73.89535373724956,175153,77.61152488036339,78.61152488036339,76.61152488036339,77.61152488036339,220893,0.24580999236135104,13,91.02579279228567,54.27479876582344,0.8266672213770541,-0.00034309528093001695,73.9779497991783,73.5815939912593,0.0035832975825381835,0.010699672633098123,77.26110281367174,76.76443155126277,0.009004276218589773,271354.4,0,5
2024-05-07,74.2451274307787,75.32791187253765,72.92791187253765,74.12791187253765,159178,75.82554262666041,76.82554262666041,74.82554262666041,75.82554262666041,247495,-0.15723633873319368,1,103.38938522462068,43.36825665975328,0.546684211569528,0.003147127979317821,73.95518583413283,73.62422952026631,0.003558971421713485,-0.023011817593534434,77.0498349333451,76.73902621558719,0.011636977903168678,208785.8,1,5
2024-05-08,72.79866067559205,74.92990305190445,72.52990305190444,73.72990305190444,287406,75.52144149498527,76.52144149498527,74.52144149498527,75.52144149498527,239313,-0.20721879070006788,1,124.2747204433761,48.895583967245706,0.02240546518228148,-0.005369216676676114,73.94809242333716,73.63695934210286,0.004028839736577553,-0.004010536834169853,76.60664077406925,76.66745961928544,0.011110097164325058,233980.8,2,5
2024-05-09,72.90484831271353,74.60603618559664,72.20603618559663,73.40603618559663,465352,76.8835393787285,77.8835393787285,75.8835393787285,76.8835393787285,370303,0.3273814091286001,9,101.02422810718912,47.72137494579745,0.5624296180338006,-0.0043926121275355,73.81598408664368,73.6458178214759,0.004204558783077547,0.018035909495102587,76.52638929796099,76.71360798803497,0.01241940538839456,299552.8,3,5
2024-05-10,72.13483370443907,74.20508519895299,71.80508519895298,73.00508519895298,418242,76.0413662678234,77.0413662678234,75.0413662678234,76.0413662678234,95965,0.3350636002379572,19,114.618408593936,49.3054409364745,0.0545890499264261,-0.005462098316137198,73.63285800924825,73.63696519625456,0.004431947965400426,-0.010953880605789279,76.37668292971219,76.7080561813837,0.012739131678402757,301066.2,4,5
2024-05-13,72.78560743488016,73.9769401203045,71.5769401203045,72.7769401203045,307151,75.92720790046096,76.92720790046096,74.92720790046096,75.92720790046096,360957,0.12924761804028545,1,92.59670634161287,54.24203224481419,0.3203789596374804,-0.003125057357672323,73.40917528585923,73.60178799337528,0.0036006693974241707,-0.0015012666521584395,76.0398195337317,76.68385733389121,0.012065195352955221,327465.8,0,5
2024-05-14,72.75287864261246,74.01378125463913,71.61378125463912,72.81378125463912,178580,75.017943592648,76.017943592648,74.017943592648,75.017943592648,341242,-0.11377933350966682,15,99.57913948363613,52.770807425410865,0.6289096189027389,0.0005062198860479317,73.14634916227953,73.57766151075731,0.0036865528832290924,-0.011975474048841472,75.87829972692921,76.64502068161906,0.012441308977247255,331346.2,1,5
2024-05-15,72.63319257484731,74.06740542379704,71.66740542379704,72.86740542379704,234552,75.85346519728682,76.85346519728682,74.85346519728682,75.85346519728682,340002,-0.05986776627908088,2,106.19565206125543,46.25658845735662,0.9129130838821744,0.0007364563168390514,72.97384963665806,73.56636938028123,0.003403285263995509,0.01113762340881741,75.94470446738953,76.61316909378003,0.012442488134327455,320775.4,2,5
2024-05-16,73.87149269660556,74.0660296404053,71.6660296404053,72.8660296404053,375397,77.06813528664611,78.06813528664611,76.06813528664611,77.06813528664611,211931,-0.20103749039373975,10,103.97328308262864,50.68349601663606,0.3577956372594787,-1.888064195143535e-05,72.86584832761979,73.55419070154609,0.0029037411842579106,0.016013376398824386,75.98162364897306,76.64158822718959,0.0136306475757388,302784.4,3,5
2024-05-17,72.77289218656354,73.69840074952509,71.29840074952509,72.49840074952509,162810,75.99292052140261,76.99292052140261,74.99292052140261,75.99292052140261,245087,-0.2486932797571612,9,92.3361131988884,57.45220807050262,0.8600237828834533,-0.005045271338296686,72.76451143773423,73.51597199517012,0.0031000726446909505,-0.01395148281769587,75.9719344996889,76.6102888685603,0.014209223198643066,251698.0,4,5
2024-05-20,72.29860652297756,73.1355573422544,70.7355573422544,71.9355573422544,309762,75.03738126934009,76.03738126934009,74.03738126934009,75.03738126934009,198074,-0.2611041220771081,9,91.90482542869401,45.843171506013476,0.9183610104005163,-0.007763528594448066,72.5962348821242,73.4510414018274,0.003533977544867958,-0.012574056181896665,75.79396917346472,76.50434050195435,0.013993141845766414,252220.2,0,5
2024-05-21,71.41654183780165,73.0820785817727,70.6820785817727,71.8820785817727,104723,74.61864623570975,75.61864623570975,73.61864623570975,74.61864623570975,160547,-0.15451360169630188,2,109.8828440310266,50.72583390198506,0.021043880457314312,-0.0007434259559184753,72.4098943475509,73.37072992149703,0.002994299339961199,-0.00558035243963706,75.71410970207708,76.36737706028373,0.012237484765970847,237448.8,1,5
2024-05-22,71.21405751360216,72.91362995926767,70.51362995926766,71.71362995926766,230033,74.47688624814603,75.47688624814603,73.47688624814603,74.47688624814603,360139,-0.25868024767118625,15,111.91550812650145,49.034196615306854,0.2394278377525315,-0.0023434022196980875,72.17913925464504,73.27447978833925,0.0028868433512017795,-0.0018997930774020677,75.43879391224893,76.27053808226535,0.012208229686627579,236545.0,2,5
2024-05-23,71.76342203233034,72.94501928278187,70.54501928278187,71.74501928278187,199178,73.46750054926186,74.46750054926186,72.46750054926186,73.46750054926186,241912,-0.39092627963578724,6,115.1214355812192,49.68497492081612,0.7098622992274988,0.00043770373263818385,71.95493718312034,73.17253508802261,0.0029866614895390498,-0.013553006170546,74.71866696477207,76.09352587571968,0.01062630394885361,201301.2,3,5
2024-05-24,71.91404732762763,73.02754375780152,70.62754375780152,71.82754375780152,372434,74.98212801035422,75.98212801035422,73.98212801035422,74.98212801035422,311470,0.054850667438476435,15,118.03930483252867,41.84671188875299,0.7568430430795484,0.0011502467466679711,71.82076578477563,73.0706493442158,0.002935945845719552,0.0206162922349149,74.51650846256238,76.01807736521825,0.01293037808810742,243226.0,4,5
2024-05-27,70.85892523107943,72.98708101463666,70.58708101463665,71.78708101463666,465608,75.29437087972576,76.29437087972576,74.29437087972576,75.29437087972576,112259,0.05864889522335927,13,101.34619436322596,57.05381427156102,0.3924168502170541,-0.0005633318508190266,71.79107051925209,72.94360762160345,0.00290167936666488,0.004164230566094718,74.56790638463951,75.91569947637693,0.013045490696436023,274395.2,0,5
2024-05-28,71.78960269884331,73.07975621026809,70.67975621026808,71.87975621026808,158592,73.93438461396572,74.93438461396572,72.93438461396572,73.93438461396572,332456,0.42519818960707917,11,96.88800755768406,46.12824049555908,0.656754612772855,0.0012909731712387185,71.79060604495116,72.8255088472286,0.0029677600400459525,-0.018062256844306068,74.43105406029072,75.76832460566052,0.013749895241913225,285169.0,1,5
2024-05-29,71.86363301326419,73.05659697182745,70.65659697182744,71.85659697182744,418904,74.45974683644336,75.45974683644336,73.45974683644336,74.45974683644336,290830,-0.16708459208867565,6,113.50990938778469,55.13035985076766,0.6121586173620351,-0.00032219417067713696,71.81919944746312,72.73007019052582,0.002905825450616617,0.007105790157322822,74.42762617795017,75.60444133291446,0.013397005915001354,322943.2,2,5
2024-05-30,71.78972801005999,73.09730259294555,70.69730259294555,71.89730259294555,362368,74.20282381360549,75.20282381360549,73.20282381360549,74.20282381360549,399235,0.07402514740581764,13,107.13069281851587,46.893116959762445,0.7397749616010599,0.0005664841202273063,71.84965610949584,72.62160642671992,0.0029422301087320183,-0.003450495519441099,74.57469083081891,75.45034268563126,0.011850581383517298,355581.2,3,5
2024-05-31,71.26352658385265,72.870221790026,70.47022179002599,71.67022179002599,487917,74.09101107314073,75.09101107314073,73.09101107314073,74.09101107314073,122872,0.07817814481870042,19,90.1754474133241,46.8724767405212,0.7186584277451218,-0.0031584050406620046,71.81819171594074,72.50908173692471,0.002730643987284596,-0.0015068529028710032,74.39646744337622,75.31539833383492,0.011297086153814764,378677.8,4,5
2024-06-03,71.28574070468888,72.75550829564945,70.35550829564944,71.55550829564945,464604,74.58759727174258,75.58759727174258,73.58759727174258,74.58759727174258,252812,-0.06345939028138327,18,89.66364334481088,56.06561625232733,0.08587079799036135,-0.0016005740112347011,71.7718771721433,72.3920894648447,0.0014798946976903925,0.006702381185102579,74.25511272177958,75.16420195340388,0.011023490380143023,378477.0,0,6
2024-06-04,71.43265634444832,72.72108594123472,70.32108594123471,71.52108594123472,140304,73.27044464824164,74.27044464824164,72.27044464824164,73.27044464824164,243575,0.18608339718741904,18,104.9193020135631,54.96942301738962,0.15825018094006094,-0.00048105806575371446,71.70014311833663,72.26174816827957,0.001477987268365039,-0.017659137332205588,74.12232472863477,75.03644705448295,0.012231885959349764,374819.4,1,6
2024-06-05,71.66582353671416,72.82042352490913,70.42042352490913,71.62042352490913,397289,74.98898578792337,75.98898578792337,73.98898578792337,74.98898578792337,252287,0.1938072967126786,5,98.22725338516,51.043329494819915,0.132727147259316,0.001388927228482384,71.65290842895295,72.15627419192978,0.0014319562471947,0.02345476607835728,74.22817251893078,75.00982426912985,0.014597416103654219,370496.4,2,6
2024-06-06,71.75894254610255,72.65654675482726,70.25654675482726,71.45654675482726,336871,74.90885979678747,75.90885979678747,73.90885979678747,74.90885979678747,97402,0.08185277379938499,12,99.73570045259302,53.8057527490316,0.932480069842819,-0.002288129028235608,71.5647572613293,72.05879972039132,0.0015653003730234844,-0.0010685034647955893,74.36937971556716,74.91109029003279,0.013744200345319731,365397.0,3,6
2024-06-07,72.0298251239336,72.68939702145818,70.28939702145817,71.48939702145817,145233,74.33873546863603,75.33873546863603,73.33873546863603,74.33873546863603,231399,-0.06390992626194889,8,110.72533364710195,48.557236098718,0.9135426483529893,0.0004597236799537274,71.52859230761575,71.98301531151658,0.0015032301794149713,-0.007610906502889869,74.41892459466621,74.82595875007343,0.012328491661126125,296860.2,4,6
2024-06-10,71.2042263035077,72.55140016527132,70.15140016527131,71.35140016527131,202860,72.86297505928059,73.86297505928059,71.86297505928059,72.86297505928059,175843,-0.08938252713863376,19,107.59037144985035,49.95816186140555,0.79741226959697,-0.00193031221322848,71.48777068154011,71.91173831376491,0.0015731134280788691,-0.019851836328021455,74.07400015217381,74.67274710801442,0.013535585161535696,244511.4,0,6
2024-06-11,71.01654325423212,72.4446213522898,70.0446213522898,71.2446213522898,470777,73.64677017668836,74.64677017668836,72.64677017668836,73.64677017668836,277553,-0.3419384746992648,19,113.29873248418431,46.69187803768091,0.11671856067595932,-0.0014965202187229298,71.43247776375114,71.83328031864747,0.0014407390168245863,0.01075711109476507,74.14926525786316,74.60418843721642,0.013078659790069495,310606.0,1,6
2024-06-12,71.56046176038284,72.54163392361569,70.14163392361569,71.34163392361569,317176,75.08137508407731,76.08137508407731,74.08137508407731,75.08137508407731,154265,-0.2014794446544229,17,80.68463893626634,54.5203247465013,0.5742714699195859,0.001361682741580994,71.37671984349245,71.7569917436384,0.0016032227879027138,0.01947953595177543,74.16774311709396,74.56558393155595,0.014379195689043157,294583.4,2,6
2024-06-13,71.13365853592829,72.02823607772287,69.62823607772286,70.82823607772286,235384,72.16143950928571,73.16143950928571,71.16143950928571,72.16143950928571,219216,-0.15550188097542197,4,102.53397917221201,46.53293334416324,0.18723062608985142,-0.007196328674536789,71.25105770807156,71.65510206550428,0.0025260520556444,-0.038890278334963946,73.6182590595936,74.32024914268793,0.01915242112542713,274286.0,3,6
2024-06-14,70.24750870349988,71.66460892012933,69.26460892012932,70.46460892012932,228181,73.25609487281321,74.25609487281321,72.25609487281321,73.25609487281321,278410,-0.2809929406073585,7,106.94688522397206,57.425781724689266,0.3683839375588025,-0.005133929315908947,71.0461000878058,71.55341247403447,0.0027389501229188712,0.015169533354259634,73.40173094042903,74.18340786025847,0.019968682106534737,290875.6,4,6
2024-06-17,70.45541342593745,71.26021668745437,68.86021668745437,70.06021668745437,435146,72.35221622037402,73.35221622037402,71.35221622037402,72.35221622037402,100494,0.10998099167191606,14,84.73414143312316,48.42082915840088,0.26709127663741294,-0.005738940992822683,70.7878633922424,71.45964544129447,0.0030217043866581634,-0.012338613654037878,73.29957917264773,74.04914960781016,0.02006532112847901,337332.8,0,6
2024-06-18,69.9610986356003,70.67130596502231,68.27130596502231,69.47130596502231,213386,72.95404814597322,73.95404814597322,71.95404814597322,72.95404814597322,331771,0.2991569672467525,15,93.45104358690028,50.10254282008167,0.8289309814874659,-0.008405779346347897,70.43320031478892,71.33910681045695,0.0035426143297111762,0.008318085568603806,73.16103476650468,73.96591970332334,0.019612328972367237,285854.6,1,6
2024-06-19,69.88522688384853,70.4393836510192,68.0393836510192,69.2393836510192,163555,71.83431527973312,72.83431527973312,70.83431527973312,71.83431527973312,309035,-0.22701560808228752,7,91.59514837671081,53.79364010327167,0.14445139951927322,-0.0033383900127037514,70.01275026026961,71.21539449504454,0.0032064668068904913,-0.015348467901323826,72.51162280563585,73.83379115490268,0.018186198350625918,255130.4,2,6
2024-06-20,70.20447925700093,70.51531880364102,68.11531880364102,69.31531880364102,329538,72.55769121608239,73.55769121608239,71.55769121608239,72.55769121608239,98336,0.07086035893615929,3,100.21698171059916,50.11932210594791,0.6461791686100757,0.0010967046299048544,69.71016680545324,71.09390947108749,0.003498775133508903,0.010070060994280317,72.5908731469952,73.78830068824371,0.018728143970470325,273961.2,3,6
2024-06-21,68.73415027049218,70.3673583398219,67.9673583398219,69.1673583398219,497004,72.50663459132336,73.50663459132336,71.50663459132336,72.50663459132336,100715,-0.25852778488242756,3,116.27853968694063,48.51045842857345,0.9838946637761669,-0.002134599773511381,69.45071668939177,70.9609002001885,0.0033017151119041094,-0.0007036693685164019,72.44098109069722,73.66452601729216,0.018667474978342785,327725.8,4,6
2024-06-24,69.13016433845168,70.32321523378542,67.92321523378541,69.12321523378542,173327,73.22495073762343,74.22495073762343,72.22495073762343,73.22495073762343,352090,-0.07623054273479053,14,120.225894046649,49.84988276095764,0.6870545832536334,-0.0006382071991185567,69.26331639865796,70.82770691114595,0.0033851382094814927,0.009906902317957433,72.6155279941471,73.56105501018706,0.017921649689132263,275362.0,0,6
2024-06-25,69.27686193430107,70.47122308599174,68.07122308599173,69.27122308599174,202127,72.14945791978651,73.14945791978651,71.14945791978651,72.14945791978651,170665,-0.17258239479444396,9,91.85712446926718,54.469091767787916,0.0792334890069597,0.002141217703860221,69.22329982285184,70.69728025493214,0.003758879296072328,-0.014687518489299833,72.45460994890976,73.47180867547809,0.018131024709989656,273110.2,1,6
2024-06-26,69.42134910699374,70.67038589126,68.27038589125999,69.47038589126,287653,72.69601251303357,73.69601251303357,71.69601251303357,72.69601251303357,355445,0.15047391215161038,10,105.26557250493575,46.685738889316475,0.9078495019625249,0.0028751160495754657,69.26950027090001,70.57796970090376,0.00396956179990565,0.007575311152783648,72.62694939556985,73.3836219593076,0.01692163065898794,297929.8,2,6
2024-06-27,69.04289223210512,70.56752369191018,68.16752369191018,69.36752369191018,179925,71.47649040443372,72.47649040443372,70.47649040443372,71.47649040443372,239760,-0.16969704346054457,16,105.58797852142315,49.368814963633675,0.6430796776895962,-0.0014806625590193523,69.27994124855384,70.45148075585199,0.0036395579951880646,-0.01677563963197015,72.41070923324011,73.24730528884902,0.012622431850464315,268007.2,3,6
2024-06-28,68.82892125049322,70.77170225210877,68.37170225210876,69.57170225210876,360324,73.285950390085,74.285950390085,72.285950390085,73.285950390085,189526,0.2529151034266617,1,103.87625771514747,50.05143363668738,0.4563109796052035,0.002943431584864209,69.36081003101121,70.34655477895612,0.0037790760422606777,0.025315456528613334,72.56657239299246,73.20705225469624,0.014346044591841333,240671.2,4,6
2024-07-01,69.54952130668113,70.70318158366663,68.30318158366663,69.50318158366663,201448,72.04687627482382,73.04687627482382,71.04687627482382,72.04687627482382,167539,-0.061430193415549755,15,103.98979634739234,54.322925977638285,0.6596924785411186,-0.0009848927972730959,69.43680330098746,70.243938443357,0.0034377574248599116,-0.01690738959740401,72.33095750043253,73.0800162048503,0.014851221652021318,246295.4,0,7
2024-07-02,68.84952533858038,70.43370316835434,68.03370316835434,69.23370316835434,151272,71.8972506699017,72.8972506699017,70.8972506699017,71.8972506699017,290881,-0.1624009273987077,6,103.03742502451328,49.50077313064282,0.879044330472637,-0.003877209779064583,69.42929931745998,70.12956930471297,0.0024914780175394114,-0.0020767812937700914,72.28051605045556,73.01135650593329,0.014539665459454393,236124.4,1,7
2024-07-03,69.05957241286896,70.21657567249515,67.81657567249515,69.01657567249515,204507,72.00322699558562,73.00322699558562,71.00322699558562,72.00322699558562,115112,-0.31332631558629076,18,116.8757012080642,59.04149547246861,0.4771272279152493,-0.0031361531439565438,69.33853727370702,69.99937691209227,0.002465114438005346,0.0014739969149932808,72.14195894696597,72.86206856631641,0.013690135906513171,219495.2,2,7
2024-07-04,68.21092819327593,69.80794996412536,67.40794996412535,68.60794996412535,472237,70.67021935692145,71.67021935692145,69.67021935692145,70.67021935692145,208836,0.06330112757383745,19,111.02466514368058,49.217307111424525,0.5313214828122292,-0.005920689405235824,69.18662252815005,69.85694707255718,0.0029652440360873407,-0.01851316523280122,71.98070473746353,72.6501365443231,0.014393863412296315,277957.6,3,7
2024-07-05,67.77740512004287,69.52723429296505,67.12723429296504,68.32723429296504,473958,71.4644963103224,72.4644963103224,70.4644963103224,71.4644963103224,190673,0.22380460055654505,10,89.39846102401732,48.8115818079736,0.4524473992179535,-0.004091591008142492,68.9377289363213,69.69883893613252,0.0031080264552298485,0.011239203169717715,71.616413921511,72.50642458640743,0.015043872590053485,300684.4,4,7
2024-07-08,68.27816806161637,69.36101888142792,66.96101888142792,68.16101888142792,302289,71.74149864518293,72.74149864518293,70.74149864518293,71.74149864518293,129341,0.06833031413421856,7,107.9572108088055,49.14483939191134,0.07259142632366522,-0.00243263777989966,68.66929639587356,69.53931987194035,0.0031226655460550768,0.0038760832184094873,71.55533839558282,72.45035076570255,0.014658636825262982,320852.6,0,7
2024-07-09,68.32120904537642,69.44574828197318,67.04574828197318,68.24574828197318,260183,71.42150857607156,72.42150857607156,70.42150857607156,71.42150857607156,192903,0.559707916603606,5,108.92373374511452,43.41679285670995,0.7870701269273584,0.0012430770832907445,68.47170541859734,69.38937621842452,0.00302086784499046,-0.004460320388537831,71.46018997681679,72.33908768567171,0.014013638091888624,342634.8,1,7
2024-07-10,68.8183133030481,69.72867231738763,67.32867231738763,68.52867231738763,427811,70.57533377888039,71.57533377888039,69.57533377888039,70.57533377888039,249171,0.35744686311760454,4,103.1496728715179,44.81636576620657,0.12641174364183894,0.004145665371643181,68.37412474757582,69.24872813811312,0.003243219199141549,-0.011847618652438552,71.17461133347574,72.11378562041186,0.01405050080302258,387295.6,2,7
2024-07-11,69.2344172920859,69.34148540887709,66.94148540887709,68.14148540887709,177705,71.06719983227929,72.06719983227929,70.06719983227929,71.06719983227929,296820,-0.0768819411792539,19,111.3142437050273,47.34666555130453,0.3945700102883103,-0.005649998685474333,68.28083183652618,69.11439060467083,0.0035170123413336926,0.006969376226259927,71.25400742854731,72.05907363656154,0.013431720098800398,328389.2,3,7
2024-07-12,68.27651552228123,69.33787075667581,66.9378707566758,68.13787075667581,361562,71.5830880984635,72.5830880984635,70.5830880984635,71.5830880984635,107635,-0.07950685845176732,4,101.88074034299038,55.67914924425065,0.38682284560772917,-5.304627833679909e-05,68.24295912926831,68.99805369649815,0.0031819182008834225,0.007259161292434868,71.27772578617554,71.97542329784405,0.010462166516794245,305910.0,4,7
2024-07-15,68.06740276466037,69.02486188112832,66.62486188112831,67.82486188112831,372020,69.69806862154877,70.69806862154877,68.69806862154877,69.69806862154877,359167,0.1174241798713383,9,102.00467721076251,49.83436970318995,0.28004079208673793,-0.0045937578041624905,68.17572772920839,68.88628595618185,0.003248409032005688,-0.02633330758686836,70.8690397814487,71.84271591790278,0.012204167114432613,319856.2,0,7
2024-07-16,67.30062198290649,69.03940264734015,66.63940264734015,67.83940264734015,384000,70.19454303904952,71.19454303904952,69.19454303904952,70.19454303904952,361111,-0.20950479510642128,10,101.21240544677043,47.57677905192147,0.4025071258944184,0.00021438696384401545,68.0944586022818,68.80469079029774,0.0033040041281157907,0.007123216285899403,70.6236466740443,71.70474066255659,0.012640670860281434,344619.6,1,7
2024-07-17,67.07994143736308,68.92339515763126,66.52339515763126,67.72339515763126,187178,71.24932132008017,72.24932132008017,70.24932132008017,71.24932132008017,301432,0.2915720766331217,13,79.81755914200332,56.13267372803298,0.6180091103824286,-0.001710031120290778,67.93340317033054,68.72889136562836,0.0032815343460564864,0.015026499715852237,70.75844418228425,71.67549096457395,0.013768946127029558,296493.0,2,7
2024-07-18,68.03198578450149,68.44057106111482,66.04057106111482,67.24057106111482,386452,70.40262832163319,71.40262832163319,69.40262832163319,70.40262832163319,375772,0.09040013046089593,17,99.19601606094126,57.7558856644613,0.31138731220771176,-0.007129354566359658,67.75322030077807,68.62515397850204,0.0034638918481646715,-0.011883523699030119,70.62552988015503,71.56773781985149,0.012966410256729335,338242.4,3,7
2024-07-19,66.89238235147664,68.5541222414433,66.15412224144329,67.35412224144329,344796,70.60130519071934,71.60130519071934,69.60130519071934,70.60130519071934,216942,0.0641147277146332,11,93.31749425545429,56.276912304538804,0.17251193769827644,0.0016887301600287952,67.59647059773157,68.53449217358312,0.0035581505026206703,0.0028220092604853697,70.4291732986062,71.47247134982129,0.012394471871295287,334889.2,4,7
2024-07-22,66.61493949209664,68.33691152783096,65.93691152783096,67.13691152783096,450039,71.25260841240495,72.25260841240495,70.25260841240495,71.25260841240495,342916,0.1717384169427041,15,88.13552021807443,45.73455001382421,0.8693675105072666,-0.003224906009964723,67.4588805270721,68.43517698828538,0.003591675574361226,0.009225087552223066,70.74008125677743,71.37385423356037,0.01274567885589057,350493.0,0,7
2024-07-23,66.91598219567514,68.13553165628342,65.73553165628341,66.93553165628342,169756,70.21666332338714,71.21666332338714,69.21666332338714,70.21666332338714,312725,0.43070747084226474,11,114.34018284739523,47.523756899031724,0.9708326498571355,-0.002999540297054959,67.27810632886074,68.31839241679997,0.003479569297281139,-0.01453904793241867,70.74450531364496,71.2772145037404,0.013462323841584977,307644.2,1,7
2024-07-24,66.57382714402662,67.81892335071532,65.41892335071532,66.61892335071532,345442,70.01365615697523,71.01365615697523,69.01365615697523,70.01365615697523,260008,0.042738838046876296,9,105.04207518534457,59.06868035157359,0.4585838238763206,-0.0047300484172425605,67.05721196747756,68.17581928977273,0.0028283154564618875,-0.0028911537063067705,70.49737228102397,71.14309668593748,0.01299597436298766,339297.0,2,7
2024-07-25,65.94136100144729,67.59261425466894,65.19261425466894,66.39261425466894,431855,71.01906157099994,72.01906157099994,70.01906157099994,71.01906157099994,137441,-0.02826009271784609,3,99.70168919055452,51.20569846000011,0.3270197123445858,-0.0033970692509540656,66.88762060618839,68.02707381791068,0.0026626064837994724,0.014360132997061736,70.62065893089732,71.12022524426581,0.013674435892644582,348377.6,3,7
2024-07-26,66.24816791430334,67.60065452365988,65.20065452365988,66.40065452365988,211286,69.27237178880559,70.27237178880559,68.27237178880559,69.27237178880559,258431,0.3771799058306446,4,94.35196648897573,48.66186467551961,0.047482077778229326,0.0001211018587112811,66.6969270626317,67.86852143148823,0.0026815702761588673,-0.024594661539537932,70.35487225051456,70.91954631420182,0.015401025417891909,321675.6,4,7
2024-07-29,66.8907230501552,67.47603519133015,65.07603519133015,66.27603519133015,397511,68.79730553315906,69.79730553315906,67.79730553315906,68.79730553315906,368431,0.24188760399778383,9,102.9616958462874,53.59173980665419,0.036851540610053135,-0.0018767786737000636,66.52475179533153,67.7071641118714,0.0025905169818875723,-0.006857947019554667,69.86381167466538,70.75706777711858,0.013223707742525922,311170.0,0,7
2024-07-30,65.8609696888777,67.4639664932936,65.06396649329359,66.2639664932936,139803,69.52064433224187,70.52064433224187,68.52064433224187,69.52064433224187,395074,-0.08024496009593057,1,109.91436093317513,55.036495336790566,0.39288199564540205,-0.00018209746557285023,66.39043876273358,67.55867727811837,0.002550407446662852,0.010514057105538432,69.72460787643634,70.6382374602356,0.013501989330196149,305179.4,1,7
2024-07-31,65.56296956063066,67.45980580281375,65.05980580281374,66.25980580281374,387239,69.52320042044708,70.52320042044708,68.52320042044708,69.52320042044708,223381,0.0012966121647550214,7,91.73034156453059,47.14275214535868,0.9302420183009658,-6.278963817041294e-05,66.31861525315327,67.4208387846343,0.002647259903539658,3.6767326162756575e-05,69.62651672913071,70.51423613147867,0.012319958335757449,313538.8,2,7
2024-08-01,66.93479425751686,67.66349744706696,65.26349744706695,66.46349744706696,342500,69.14746821189924,70.14746821189924,68.14746821189924,69.14746821189924,159328,0.048845228984699646,9,99.9517162772339,51.097199793099655,0.7307085434015644,0.0030741358472945457,66.33279189163287,67.31361615878137,0.002488993232909015,-0.005404414731709384,69.25219805731057,70.43809857422755,0.011928841454323059,295667.8,3,8
2024-08-02,66.55483763914862,67.5086891831796,65.10868918317959,66.3086891831796,177020,68.68925097144668,69.68925097144668,67.68925097144668,68.68925097144668,319202,0.09045323615124572,9,108.68066498851172,54.63280034608529,0.349269418870775,-0.0023292223526252265,66.3143988235368,67.2126889032921,0.002294966424662451,-0.00662666692363012,69.13557389383878,70.29933630728377,0.011902142718362782,288814.6,4,8
2024-08-05,65.59950683018413,67.10976614050846,64.70976614050845,65.90976614050845,126541,70.29567279376249,71.29567279376249,69.29567279376249,70.29567279376249,104303,-0.3391499627347785,16,80.6399887091587,44.198564270200734,0.968046425182061,-0.0060161503354274615,66.24114501337247,67.10012626624612,0.0026604943125544786,0.023386800694384924,69.43524734595947,70.22704501471274,0.014112948519587668,234620.6,0,8
2024-08-06,65.27016508716906,67.26124859523253,64.86124859523252,66.06124859523253,398195,69.25735467746534,70.25735467746534,68.25735467746534,69.25735467746534,128349,-0.38562115195039004,19,99.42430237594596,50.0617272871307,0.4287579032557307,0.0022983309393200813,66.20060143376027,66.9909012819091,0.002918845701981055,-0.01477072592140094,69.38258941500416,70.11883731978244,0.014137335632782383,286299.0,1,8
2024-08-07,65.53922108086287,67.11153275908215,64.71153275908215,65.91153275908215,196517,68.47216153024091,69.47216153024091,67.47216153024091,68.47216153024091,259821,-0.22184750550061344,14,95.70708629452461,44.428051734746425,0.2767927439746457,-0.00226631859575821,66.13094682501394,66.86004430399382,0.0026933673510076105,-0.011337325124257447,69.17238163696292,70.01367870735046,0.014491828176896034,248154.6,2,8
2024-08-08,66.0477798874074,67.27513210583204,64.87513210583204,66.07513210583204,298978,69.6246902871998,70.6246902871998,68.6246902871998,69.6246902871998,396865,-0.24118461075283557,2,98.66170142244967,45.082097515365945,0.4263532447243572,0.0024821050262611166,66.05327375676696,66.75672663884157,0.002768062580213356,0.01683207790146768,69.26782605202304,69.9415532300965,0.01482167947233904,239450.2,3,8
2024-08-09,66.66462485413314,67.28178880919123,64.88178880919122,66.08178880919122,124282,69.01630171825443,70.01630171825443,68.01630171825443,69.01630171825443,185211,-0.16095600349312564,8,94.98371443628098,47.18449961259848,0.21154322698383277,0.00010074445781693697,66.00789368196928,66.65392254146734,0.0027675822894801727,-0.008738115263935642,69.33323620138461,69.81321391108604,0.012837204704452905,228902.6,4,8
2024-08-12,65.46005683508507,67.1783478225199,64.77834782251989,65.9783478225199,485397,68.8266189547292,69.8266189547292,67.8266189547292,68.8266189547292,221863,0.15867766052250107,14,101.37624605207296,52.38559768939735,0.8856387702007957,-0.0015653478596049375,66.02161001837156,66.56159683853693,0.002751797961825308,-0.002748376235799599,69.03942543357793,69.76964142774506,0.01266848705710883,300673.8,0,8
2024-08-13,65.93738276011064,67.17964270086638,64.77964270086638,65.97964270086638,319555,69.31700642401508,70.31700642401508,68.31700642401508,69.31700642401508,183148,-0.042232289081184586,12,119.23627220422718,48.389886856809326,0.3611733104176903,1.9625807393230943e-05,66.00528883949835,66.46860884121324,0.00275469071662861,0.007124968169777812,69.0513557828879,69.72576459699334,0.01240188936342767,284945.8,1,8
2024-08-14,66.66570415622473,67.52813182627729,65.12813182627728,66.32813182627729,472632,68.55300246533827,69.55300246533827,67.55300246533827,68.55300246533827,220961,0.04909865125254707,9,96.7607752607145,46.75790937515797,0.6579689644943214,0.005281767392874004,66.08860865293737,66.39884567464553,0.0032979854088019582,-0.011021883345673666,69.06752396990736,69.59094865425624,0.012860566631354571,340168.8,2,8
2024-08-15,65.5143435032358,67.90497717329677,65.50497717329677,66.70497717329677,164135,69.91655349564707,70.91655349564707,68.91655349564707,69.91655349564707,82267,-0.3060758525105654,9,102.91711009094107,50.257772816624794,0.38904719882716354,0.005681531148902241,66.2145776664303,66.37206598025463,0.0036435175053268895,0.01989046403909489,69.1258966115968,69.56664491295695,0.014369296881980171,313200.2,3,8
2024-08-16,67.16625672218241,67.84936363821296,65.44936363821296,66.64936363821296,182317,70.79713652285201,71.79713652285201,69.79713652285201,70.79713652285201,270311,-0.11541055073023629,8,119.94746418409113,44.265186358667854,0.9017314179639625,-0.0008337239204703195,66.32809263223466,66.33682805009312,0.003549966281258007,0.01259477166962708,69.48206357251634,69.57643647956357,0.0144912300399069,324807.2,4,8
2024-08-19,66.02335710967114,67.81458239577437,65.41458239577436,66.61458239577436,344162,69.89428899309274,70.89428899309274,68.89428899309274,69.89428899309274,270796,0.1468144154362101,12,94.49984421627445,52.144016089169554,0.6423807517156301,-0.0005218540814192485,66.45533954688555,66.31071159349028,0.002764556918730967,-0.012752599527353081,69.69559758018904,69.50852050859797,0.013336015536143593,296560.2,0,8
2024-08-20,66.94491731710674,67.97891957037828,65.57891957037828,66.77891957037828,341798,69.5531923081082,70.5531923081082,68.5531923081082,69.5531923081082,180980,0.14873811454420044,4,118.1467534892897,55.65693380979155,0.48825189028129945,0.002466984985773024,66.61519492078793,66.30288098919502,0.002773399055063946,-0.0048801796240928175,69.74283475700767,69.47534695783402,0.01249999532864327,301008.8,1,8
2024-08-21,66.65275301728865,67.72941144248328,65.32941144248328,66.52941144248328,416346,69.22514827422633,70.22514827422633,68.22514827422633,69.22514827422633,164490,-0.18114345704697699,10,100.05323006627107,49.60397979505994,0.1321429691813385,-0.0037363307088554842,66.65545084402913,66.29840539378343,0.0030004103791865227,-0.004716448274993512,69.87726391878527,69.43592156369657,0.011967559604825801,289751.6,2,8
2024-08-22,67.07812085716347,67.73582766143154,65.33582766143154,66.53582766143154,471222,69.28962367742447,70.28962367742447,68.28962367742447,69.28962367742447,323713,0.0404155965948884,4,117.81896225864926,48.98675503349896,0.9019166628522043,9.64418414224344e-05,66.62162094165608,66.30556606412155,0.002958506321455208,0.0009313870003244684,69.75187795514076,69.34944966901779,0.010635938373766004,351169.0,3,8
2024-08-23,66.74152721613454,67.66606502568777,65.26606502568777,66.46606502568777,428752,69.3136874188591,70.3136874188591,68.3136874188591,69.3136874188591,140114,0.549711963370583,13,107.5020112494632,51.86720176607785,0.5468168682717709,-0.0010484973013149546,66.58496121915104,66.30883658922295,0.0030062631170082585,0.00034729213636164324,69.45518813434217,69.35151545052047,0.010227754727451396,400456.0,4,8
2024-08-26,65.28243010453983,67.67107535040482,65.27107535040481,66.47107535040482,156087,69.24439143074986,70.24439143074986,68.24439143074986,69.24439143074986,95061,-0.004399482313909534,17,103.07108362582422,39.85765290584227,0.2850529729614175,7.538169613496848e-05,66.55625981007714,66.31858859717667,0.0029194398695068058,-0.0009997446491410988,69.3252086218736,69.37386974540001,0.010181327482591799,362841.0,0,8
2024-08-27,65.83729763544393,67.42968725902193,65.02968725902193,66.22968725902193,223817,69.77947412366667,70.77947412366667,68.77947412366667,69.77947412366667,92938,-0.17329673653561134,10,99.34369318113413,52.68408728298934,0.8779268918167041,-0.003631475647270621,66.44641334780587,66.3168746354631,0.003232222404730317,0.007727451738122948,69.37046498498528,69.38681123497125,0.010225575252305144,339244.8,1,8
2024-08-28,65.89550654558174,67.0264039809051,64.6264039809051,65.8264039809051,465529,67.7864785189797,68.7864785189797,66.7864785189797,67.7864785189797,362161,-0.04344059734054006,8,93.75958560120789,65.50942901872432,0.0544404273944078,-0.00608916174614571,66.30581185549023,66.29520454436768,0.0033164073672125086,-0.028561344574693726,69.08273103393597,69.29997513989788,0.013455873192961869,349081.4,2,8
2024-08-29,65.22268624299686,66.52017618605676,64.12017618605675,65.32017618605676,319581,68.83737621630404,69.83737621630404,67.83737621630404,68.83737621630404,196595,0.02304427688170826,18,100.75791549964353,49.3866188944264,0.31407691732957166,-0.00769034557918713,66.06268156041527,66.23803848131715,0.003123410857863419,0.015503057841101509,68.99228154171188,69.28447054011812,0.012750562456722967,318753.2,3,8
2024-08-30,65.26066540635627,66.22186004147788,63.821860041477876,65.02186004147788,446805,67.79404812639234,68.79404812639234,66.79404812639234,67.79404812639234,112586,-0.03779209517263735,13,108.97361459020024,49.404374831418345,0.5368284012021476,-0.004566983158911908,65.7738405635733,66.17369702423207,0.0031790172972488524,-0.01515641860946737,68.68835368321852,69.2397103978654,0.012360729392903527,322363.8,4,8
2024-09-02,65.26203860591217,66.06735532807731,63.667355328077306,64.86735532807731,325204,68.09352399949454,69.09352399949454,67.09352399949454,68.09352399949454,361270,-0.007838675169125448,9,99.8688856900333,53.71803500049842,0.33981433604329303,-0.0023761964561150872,65.45309655910779,66.12157648361051,0.003106357515989796,0.004417436063765656,68.45818019696746,69.129602958152,0.012241257798206395,356187.2,0,9
2024-09-03,65.0543786581755,65.95015278996065,63.55015278996065,64.75015278996065,119896,67.07396004384013,68.07396004384013,66.07396004384013,67.07396004384013,127559,-0.3608616992342099,1,96.83377194938143,58.22666334098981,0.47673425537885783,-0.001806803091075393,65.15718966529553,66.05602169334692,0.0025721991618671094,-0.01497299443133493,67.91707738100214,69.02043322647074,0.012856373953330509,335403.0,1,9
2024-09-04,65.0091683937534,66.31630586503063,63.91630586503062,65.11630586503063,289154,68.91348450514029,69.91348450514029,67.91348450514029,68.91348450514029,187734,-0.2406576187714878,1,97.49217465822227,54.87483922217068,0.2643162523309839,0.005654860402533934,65.01517004212064,66.01626034864435,0.0037497341491154095,0.027425314683937385,68.14247857823428,69.04249937521573,0.016132268951386395,300128.0,2,9
2024-09-05,64.38135319133596,66.5045216968962,64.1045216968962,65.3045216968962,429864,69.05190267299933,70.05190267299933,68.05190267299933,69.05190267299933,86619,-0.037333809267874385,5,109.92476613583054,39.22196560708225,0.13008309093289716,0.0028904562285168023,65.01203914428854,65.97772982819755,0.0040284832918822564,0.002008578855836607,68.18538386957331,69.01385999450568,0.016145247120564435,322184.6,3,9
2024-09-06,64.81992580079144,66.24766642521885,63.84766642521885,65.04766642521885,362045,68.62342074066889,69.62342074066889,67.62342074066889,68.62342074066889,297303,-0.041316992505609176,5,112.25161455099855,52.816994188313735,0.03685413861685172,-0.00393319275607773,65.01720042103673,65.92602370899894,0.004067104151262603,-0.006205215435692635,68.35125839242863,68.99421594562641,0.016252001799557242,305232.6,4,9
2024-09-09,65.28357129801745,66.27538722394797,63.87538722394797,65.07538722394797,153111,67.16653435847185,68.16653435847185,66.16653435847185,67.16653435847185,303776,-0.14154731871500015,14,93.32849486231629,62.85965072620837,0.1576465649121419,0.00042616130989103773,65.05880680021087,65.88087567907033,0.004089853874483655,-0.021230162624837456,68.1658604642241,68.91121171581355,0.017481036416395958,270814.0,0,9
2024-09-10,64.39653323382333,66.14175686009858,63.741756860098576,64.94175686009858,184034,68.43922950273821,69.43922950273821,67.43922950273821,68.43922950273821,322095,-0.044253396519109235,10,93.3141214255251,53.112205233797326,0.9529465140248118,-0.0020534701297976188,65.09712761423845,65.82898138703194,0.004055018807467207,0.018948352128366652,68.43891435600372,68.8673228697497,0.018565786983206368,283641.6,1,9
2024-09-11,65.15197550124346,66.03633813618266,63.63633813618266,64.83633813618266,441749,68.07925118876409,69.07925118876409,67.07925118876409,68.07925118876409,164173,0.01525371385355134,19,103.79358919667112,44.226990433641255,0.5754031333367384,-0.001623281060027626,65.04113406846885,65.75439170252722,0.003786058881061105,-0.005259824176713224,68.27206769272848,68.843635305921,0.016134427385401377,314160.6,2,9
2024-09-12,65.2882960456815,66.03409939704785,63.63409939704785,64.83409939704785,491697,66.8709366487683,67.8709366487683,65.8709366487683,66.8709366487683,184992,0.22235336413113133,11,115.27532064757254,51.40914812209307,0.4889601252779515,-3.4529080437994963e-05,64.94704960849919,65.66084781371477,0.0031108215703552055,-0.017748646157189296,67.83587448788228,68.69135446357706,0.01613626410400248,326527.2,3,9
2024-09-13,64.99075269530515,66.12731920715723,63.72731920715722,64.92731920715723,401155,67.91274077689474,68.91274077689474,66.91274077689474,67.91274077689474,380198,-0.02480293380651272,18,111.4599030831256,43.596563743294666,0.38432383930570857,0.0014378206989271725,64.92298016488685,65.57474559216197,0.00285995005726526,0.015579326091966994,67.69373849512745,68.54713467627919,0.016440699094109987,334349.2,4,9
2024-09-16,63.28339622819754,66.01528616135374,63.61528616135374,64.81528616135374,139231,68.0340068547737,69.0340068547737,67.0340068547737,68.0340068547737,342925,0.0997758013245633,11,87.48147787820088,56.1640184463443,0.7084201459833853,-0.0017255147320349717,64.87095995236801,65.48478078044096,0.0028104396208959294,0.0017856160197884385,67.86723299438782,68.45412056936324,0.016388378310691242,331573.2,0,9
2024-09-17,64.36906777225843,66.20811195361433,63.80811195361433,65.00811195361433,347678,68.34175711790822,69.34175711790822,67.34175711790822,68.34175711790822,91890,-0.13540007535848025,7,97.35924030008138,45.22058705986037,0.14125947590609333,0.002975004874321785,64.88423097107116,65.39624039960276,0.0028890730094823067,0.004523476969267026,67.8477385174218,68.39354880985323,0.015542709697411802,364302.0,1,9
2024-09-18,65.66938706584224,65.92629248656421,63.5262924865642,64.7262924865642,431688,67.83264930673352,68.83264930673352,66.83264930673352,67.83264930673352,301401,0.14302393089962048,14,90.69396445310488,50.371218173460115,0.27612986765266345,-0.004335143085700044,64.86222184114747,65.30608445180681,0.002581500291596574,-0.007449439883384201,67.79841814101569,68.3239238614786,0.012884939149327094,362289.8,2,9
2024-09-19,64.42105470857206,65.89432360508626,63.49432360508625,64.69432360508625,356077,67.86906245519468,68.86906245519468,66.86906245519468,67.86906245519468,340076,0.09393257440308918,9,97.32487478084742,45.711099990040765,0.6559021196637528,-0.000493908738625648,64.83426668275516,65.21400924898954,0.002277335874472123,0.0005368085845580683,67.99804330230097,68.2528958003671,0.012848703583452786,335165.8,3,9
2024-09-20,64.2318505533646,66.4239221649291,64.02392216492909,65.22392216492909,337638,69.10808900028096,70.10808900028096,68.10808900028096,69.10808900028096,258957,0.21645425079495487,6,116.04409996035355,47.267759712260045,0.47906436458522794,0.008186167353347207,64.89358727430952,65.1519021059516,0.0034354255722562417,0.01825613173755336,68.23711294697821,68.2426158794382,0.01414829167436589,322462.4,4,9
2024-09-23,65.86008682664014,66.442463132485,64.042463132485,65.242463132485,286943,68.9780834784314,69.9780834784314,67.9780834784314,68.9780834784314,284770,0.17836511561112195,9,85.77399351216982,57.430753229302475,0.7700925389590887,0.00028426636946221606,64.97902266853578,65.09047149505561,0.003435029137901095,-0.0018811910983246305,68.42592827170975,68.22930048182228,0.011954616553678944,352004.8,0,9
2024-09-24,65.53094035162007,66.72426255584824,64.32426255584824,65.52426255584824,197941,66.8040295835786,67.8040295835786,65.8040295835786,66.8040295835786,80317,0.14718390572028653,13,83.8113470671981,50.51728582446849,0.8971098439566533,0.004319264016611424,65.08225278898256,65.05520025989694,0.003547094896787885,-0.031518038559778305,68.11838276484383,68.08052825481788,0.014686836431649666,322057.4,1,9
2024-09-25,66.0706093109768,66.71813906649794,64.31813906649793,65.51813906649794,212306,68.32767593359533,69.32767593359533,67.32767593359533,68.32767593359533,89616,-0.024604352164445065,8,91.71445846566398,47.2039876313714,0.8233725913706561,-9.345376981662046e-05,65.2406221049693,65.03978701417657,0.003458097109806135,0.022807701264644376,68.21738809021619,68.10758812554866,0.016617168929564507,278181.0,2,9
2024-09-26,65.75807025666266,66.81959091905298,64.41959091905298,65.61959091905298,398270,68.52080030252661,69.52080030252661,67.52080030252661,68.52080030252661,91229,0.06123480676111704,14,102.87310602575992,44.27386014556639,0.18420771426073201,0.001548454428048851,65.42567556776265,65.05475775082638,0.003439012563813125,0.0028264442818013435,68.34773565968257,68.09175932985978,0.015332188443786999,286619.6,3,9
2024-09-27,65.81451701432249,66.78523744621641,64.38523744621641,65.58523744621641,127924,67.53397830258022,68.53397830258022,66.53397830258022,67.53397830258022,130872,0.2658772321128816,19,106.20754820640757,40.64149256800282,0.09147023552697853,-0.0005235246418855422,65.49793862402012,65.08292662106331,0.003480276883739105,-0.014401787422059664,68.03291352014244,68.07875583866918,0.015431562899320008,244676.8,4,9
2024-09-30,65.70976433423793,66.72825971038067,64.32825971038066,65.52825971038067,133792,68.58476954532006,69.58476954532006,67.58476954532006,68.58476954532006,397077,-0.1630186423506986,8,104.37448434861533,43.743596832386565,0.1694406005450485,-0.0008687585507709539,65.55509793959925,65.11597184017847,0.0034152778337384004,0.015559445321462473,67.95425073352017,68.10331811596045,0.01624660668033517,214046.6,0,9
2024-10-01,65.69039453482257,66.54165037886207,64.14165037886207,65.34165037886207,258666,69.09090504230838,70.09090504230838,68.09090504230838,69.09090504230838,282993,-0.1571019446742164,6,111.75685403231016,50.559796207221886,0.7835306916002306,-0.002847768769434267,65.518575504202,65.14554671962354,0.0035536205256956276,0.0073797068991223735,68.41162582526611,68.20416536588387,0.016341708741273008,226191.6,1,10
2024-10-02,66.55700713492408,66.61829191064604,64.21829191064603,65.41829191064603,409767,67.76635119489168,68.76635119489168,66.76635119489168,67.76635119489168,330330,0.045357849487590494,8,82.3691440576607,54.90116884361332,0.9138310894927105,0.0011729353534779552,65.49860607303164,65.16064602190431,0.003118063364563965,-0.019171175230742632,68.29936087752539,68.14680870037144,0.017416998384189926,265683.8,2,10
2024-10-03,65.70550510689596,66.42000193891637,64.02000193891637,65.22000193891637,362814,68.42184250213029,69.42184250213029,67.42184250213029,68.42184250213029,174587,0.10381992256636337,16,111.88336538358936,47.198242537888994,0.9254488677038575,-0.0030311089748492615,65.4186882770043,65.15642003400532,0.00335364036264781,0.00967281395088615,68.27956931744612,68.11530569182798,0.017683561105764006,258592.6,3,10
2024-10-04,64.56119346510549,66.55136312402826,64.15136312402825,65.35136312402825,335994,67.80186903765039,68.80186903765039,66.80186903765039,67.80186903765039,380020,-0.20602662481600112,4,96.87904679953708,57.85271800359507,0.29821578937044557,0.0020141242135336412,65.37191341256667,65.17160486894579,0.002223914422456463,-0.009061046031617725,68.33314746446015,68.07422810667705,0.01680157138724306,300206.6,4,10
2024-10-07,65.79866948741531,66.77533872977587,64.37533872977586,65.57533872977586,313652,68.17219151556806,69.17219151556806,67.17219151556806,68.17219151556806,143652,-0.01869064085332709,19,107.31494309804867,46.412497888858866,0.8403413780135583,0.0034272522414342532,65.38132921644572,65.19660244423719,0.0024483203278484154,0.005461832884164686,68.25063185850976,68.12451096453188,0.016956343315139285,336178.6,0,10
2024-10-08,66.21676750779459,66.84602712374299,64.44602712374298,65.64602712374298,144300,69.532463304245,70.532463304245,68.532463304245,69.532463304245,368737,-0.023499693557196197,8,86.76574573236796,48.8099413856006,0.5362355350220966,0.001077972227614632,65.4422045654219,65.2318159574194,0.002074213223803928,0.019953470153094566,68.33894351089708,68.17917265460721,0.014278949335737477,313305.4,1,10
2024-10-09,66.17903359644563,66.77768319317757,64.37768319317756,65.57768319317756,232717,68.25214850111047,69.25214850111047,67.25214850111047,68.25214850111047,89854,-0.5538200289008677,16,100.04956697009071,44.60211639831374,0.8227918483482073,-0.001041097741323993,65.4740828219282,65.26888321026915,0.00210982284522613,-0.018413194963802892,68.43610297214084,68.18781752022453,0.014228965450158088,277895.4,2,10
2024-10-10,65.45789446529864,66.87119695682819,64.47119695682818,65.67119695682818,131802,68.94852445023456,69.94852445023456,67.94852445023456,68.94852445023456,86541,-0.05489849731468993,15,102.36270770589013,54.95380867283928,0.548364842380001,0.0014259998081229686,65.56432182551058,65.31073808825816,0.0021007717125863844,0.010202989421098652,68.54143936176169,68.29169691029783,0.01457977077186931,231693.0,3,10
2024-10-11,66.18442664384787,66.80195442125381,64.4019544212538,65.60195442125381,403263,67.47922355161721,68.47922355161721,66.47922355161721,67.47922355161721,105247,-0.03932945821211657,15,111.55751037498418,60.48755307022284,0.14589321977911818,-0.0010543821154941346,65.61444008495569,65.344469848963,0.0021243094465250756,-0.021310113745477643,68.47691026455507,68.27002104903396,0.015509814058060876,245146.8,4,10
2024-10-14,66.26730955912389,67.0034383593483,64.60343835934829,65.80343835934829,400334,69.92082889618521,70.92082889618521,68.92082889618521,69.92082889618521,333391,-0.04007323570575479,18,84.14745377392235,41.19091519531901,0.07921955107309742,0.0030713099917829556,65.66006001087017,65.39387745886273,0.0022979016839467245,0.036183068151344866,68.82663774067848,68.36436215110454,0.01882209254297124,262483.2,0,10
2024-10-15,66.69549433064728,66.60923561216242,64.20923561216242,65.40923561216242,203237,68.77082707994632,69.77082707994632,67.77082707994632,68.77082707994632,162399,0.35397856864431704,4,100.30752548534905,48.26918965682651,0.9572191492093396,-0.005990610171966337,65.61270170855406,65.41393364179012,0.0029242779012565823,-0.016447199416734004,68.67431049581876,68.38581564920645,0.019571258036429003,274270.6,1,10
2024-10-16,64.96509904560877,66.54009991373303,64.14009991373302,65.34009991373303,217174,68.23060000814287,69.23060000814287,67.23060000814287,68.23060000814287,224366,-0.30394957462721883,12,89.14764708857857,56.323899235250174,0.42580255643157894,-0.0010569715084169928,65.56518505266514,65.44462401314857,0.00291899987206327,-0.007855468586635217,68.67000079722524,68.4057131842769,0.018664597828578176,271162.0,2,10
2024-10-17,64.66171259678451,66.11541288498472,63.715412884984715,64.91541288498472,226981,68.26074079098466,69.26074079098466,67.26074079098466,68.26074079098466,230820,-0.20615564280115317,2,105.05496044208274,42.76527239287199,0.3505206448973178,-0.006499638496252902,65.41402823829645,65.4556784771435,0.003459876019121707,0.0004417487584482682,68.53244406537524,68.42529710106642,0.01840561488526013,290197.8,3,10
2024-10-18,64.44671882155666,65.79977834578663,63.39977834578663,64.59977834578663,455720,66.75388668841795,67.75388668841795,65.75388668841795,66.75388668841795,332658,-0.6530489495798335,6,107.77216536456126,52.83341953485543,0.3563030847683104,-0.004862243420639123,65.21359302320302,65.42447128618637,0.0035936808378680056,-0.022074974357232824,68.38737669273539,68.30758698547326,0.019536203181505493,300689.2,4,10
2024-10-21,64.65852674637192,66.1036378213913,63.7036378213913,64.9036378213913,295410,68.6131562664429,69.6131562664429,67.6131562664429,68.6131562664429,191594,-0.12022916654353517,1,112.87170242508088,56.10736100103785,0.378934411475472,0.004703723192023723,65.03363291561162,65.40753002063168,0.003791560687888266,0.027852604099343647,68.12584216678695,68.28934062487384,0.021584016561790192,279704.4,0,10
2024-10-22,64.66321469517823,66.30822507006003,63.90822507006003,65.10822507006003,404829,67.91383420476217,68.91383420476217,66.91383420476217,67.91383420476217,82149,-0.09891088853150024,13,94.64970545691625,50.39114407178418,0.9449968278943381,0.0031521692086309283,64.97343080719114,65.38672814634228,0.003971697529283035,-0.010192244457682187,67.9544435917501,68.34483085593303,0.020707321987465714,320022.8,1,10
2024-10-23,63.584663393880604,66.16600114671748,63.76600114671747,64.96600114671747,279530,67.84355943768841,68.84355943768841,66.84355943768841,67.84355943768841,203672,-0.12749429408356405,12,109.2722648568879,52.751315354700665,0.06270458740317586,-0.0021844232919806528,64.89861105378803,65.35912125035324,0.003995309942720265,-0.0010347636515687375,67.87703547765922,68.32062503113767,0.01990556012452975,332494.0,2,10
2024-10-24,64.4392444746281,65.85659421148966,63.45659421148966,64.65659421148966,379276,67.36160084251037,68.36160084251037,66.36160084251037,67.36160084251037,172223,0.27691933487094,15,113.60901587477053,58.804511930638036,0.11906128738229915,-0.004762597816803549,64.84684731908902,65.31097141497509,0.004068535317006151,-0.007103969767693341,67.69720748796436,68.26266505813686,0.019629449154292267,362953.0,3,10
2024-10-25,64.21801135469336,65.23333232484342,62.83333232484341,64.03333232484341,311330,66.68494148319607,67.68494148319607,65.68494148319607,66.68494148319607,313881,0.2151543805842408,4,83.56753030144533,59.742132770505734,0.7896515154818492,-0.009639571868069297,64.73355811490038,65.23337615890644,0.004793860112907528,-0.010045179313602048,67.68341844692,68.22021321716765,0.01870966644805049,334075.0,4,10
2024-10-28,63.688336813340484,65.13494773609344,62.73494773609344,63.93494773609344,211442,67.3517501030705,68.3517501030705,66.3517501030705,67.3517501030705,320423,0.019464181066826035,7,106.12344920098451,49.69016393482759,0.5494094913401387,-0.0015364589843749332,64.5398200978408,65.15371056019208,0.0044152981121499645,0.00999938824333313,67.4311372142455,68.15856224505518,0.014216050088809079,317281.4,0,10
2024-10-29,65.44638312261708,65.67869253085253,63.278692530852524,64.47869253085253,450519,67.63223664091507,68.63223664091507,66.63223664091507,67.63223664091507,109426,-0.09265326338496556,13,109.58511253780107,47.338110753503834,0.128536757960952,0.008504656905383268,64.41391358999931,65.1105626677916,0.005517842585283862,0.004164502591474273,67.37481770147609,68.0856288249855,0.013636201737187863,326419.4,1,10
2024-10-30,64.60216496518912,65.7954770588312,63.39547705883119,64.5954770588312,383577,67.98652594367302,68.98652594367302,66.98652594367302,67.98652594367302,333766,0.25654741702671596,16,97.41273613612563,45.400099444631515,0.03446013677833637,0.0018112111675152587,64.33980877242205,65.06942192520086,0.005612435350456529,0.0052384679311878735,67.40341100267301,68.09663756242458,0.013595773433047952,347228.8,2,10
2024-10-31,65.1448765879561,65.69936206036404,63.29936206036403,64.49936206036404,407735,67.4940852466727,68.4940852466727,66.4940852466727,67.4940852466727,102557,-0.0049394649589629075,17,87.89226422474891,54.88482075214356,0.2242343482792274,-0.001487952451835306,64.30836234219692,65.03338993127325,0.005294562115328069,-0.007243210182681037,67.42990788350548,68.05024969965169,0.013766848541061203,352920.6,3,10
2024-11-01,64.7571730742669,65.82646286790192,63.42646286790192,64.62646286790192,479259,67.93438275454822,68.93438275454822,66.93438275454822,67.93438275454822,278308,-0.20456750972961446,2,109.42955756109663,43.14112221104516,0.2608107377102711,0.001970574645667522,64.42698845080864,64.99714491846693,0.005125924180664471,0.006523497670445577,67.67979613777591,68.05687538549658,0.011732714919388643,386506.4,4,11
2024-11-04,64.7310207111201,65.51781705617347,63.117817056173465,64.31781705617347,199508,67.06650780981845,68.06650780981845,66.06650780981845,67.06650780981845,204570,-0.4290621693711379,8,88.00491172442243,48.73712981004399,0.014213029574641989,-0.0047758425578595665,64.50356231482463,64.9342688347868,0.005046238299914552,-0.012775194379339161,67.6227476791255,68.0015912002091,0.00822488382438913,384119.6,0,11
2024-11-05,64.4236008055885,65.48398002862173,63.083980028621724,64.28398002862173,136623,68.62181913346745,69.62181913346745,67.62181913346745,68.62181913346745,176401,-0.11032862347392067,1,98.21648565489097,50.51344885477233,0.21609053833719338,-0.0005260910444486733,64.46461981437847,64.86616648003074,0.004848660096410138,0.023190581624727313,67.82066417763596,67.95605899167023,0.010961204936697095,321340.4,1,11
2024-11-06,65.02209291957716,65.53770060362538,63.137700603625376,64.33770060362538,332908,66.39694235376707,67.39694235376707,65.39694235376707,66.39694235376707,234619,0.18866090429315216,16,99.5987594219667,47.48498743640623,0.7383189369523997,0.0008356759332532882,64.4130645233373,64.80416735055313,0.004878828929628112,-0.03242229378054029,67.50274745965478,67.86329868430305,0.015280569634787808,311206.6,2,11
2024-11-07,64.38113868367827,65.55316900861207,63.15316900861207,64.35316900861207,230465,68.10973140274986,69.10973140274986,67.10973140274986,68.10973140274986,179316,0.5691346723857724,3,107.15538051703999,51.39910132509562,0.8554336896370037,0.00024042520701805792,64.38382591298691,64.73826595314233,0.004698834276752402,0.025796203684454788,67.62587669087021,67.82135903192884,0.017457610934494633,275752.6,3,11
2024-11-08,64.80792551357358,65.75986515952918,63.35986515952918,64.55986515952918,274310,68.38060962996177,69.38060962996177,67.38060962996177,68.38060962996177,334036,0.01540258654736898,16,93.73368440487468,62.82256659146379,0.8982358297697178,0.0032119032225039756,64.37050637131237,64.6861614900561,0.0035185595879453826,0.003977085529968338,67.71512206595291,67.86642833584605,0.01700755561232002,234762.8,4,11
2024-11-11,64.85515518791414,65.87198872108911,63.471988721089105,64.67198872108911,193868,67.16069343750975,68.16069343750975,66.16069343750975,67.16069343750975,389364,-0.19133887878007608,3,93.15416311172145,49.39200704826729,0.3899140326435434,0.0017367378522687993,64.44134070429548,64.62958900814314,0.003425508758094194,-0.017840089450116503,67.73395919149118,67.72842156291227,0.01792377482525241,233634.8,0,11
2024-11-12,64.7116641619538,66.05580689101747,63.65580689101746,64.85580689101747,259387,69.19337105735104,70.19337105735104,68.19337105735104,69.19337105735104,341055,-0.2962413020710535,1,100.98915478763111,47.82297186286305,0.31941372590355765,0.0028423150975163125,64.55570607677464,64.6019175720859,0.0023850891735395746,0.030265881958658092,67.8482695762679,67.7495487617825,0.02035563310079737,258187.6,1,11
2024-11-13,64.95082945936464,65.9483382999023,63.5483382999023,64.7483382999023,257300,68.3456324696695,69.3456324696695,67.3456324696695,68.3456324696695,220547,0.1379887240763997,17,110.06390477619749,55.076659121909266,0.9998608482078876,-0.0016570388414988146,64.63783361603002,64.57232949139436,0.002438677576321963,-0.012251731267420074,68.23800759944838,67.75530038485884,0.02083714278805959,243066.0,2,11
2024-11-14,66.10241909026422,66.18522596716538,63.785225967165374,64.98522596716538,240222,68.56790937125912,69.56790937125912,67.56790937125912,68.56790937125912,241051,-0.4411540130960671,9,122.87450000653146,51.19791822072761,0.7693404509215888,0.003658590683298435,64.76424500774068,64.5758201455034,0.002573068901610231,0.0032522473427729626,68.32964319315023,67.77065881387257,0.020654887116966524,245017.4,3,11
2024-11-15,65.2465559193364,66.58175439038412,64.18175439038411,65.38175439038412,396933,68.39856770259965,69.39856770259965,67.39856770259965,68.39856770259965,223080,0.13758627535122206,9,84.92518800221225,57.196678856056884,0.5373520809075544,0.00610182418106997,64.92862285391168,64.61491894773326,0.0030731972404170254,-0.002469692750038166,68.33323480767783,67.85289286458166,0.020620755136194664,269542.0,4,11
2024-11-18,65.42830902426063,66.418576577834,64.018576577834,65.218576577834,337060,68.0882408829028,69.0882408829028,67.0882408829028,68.0882408829028,333932,0.20442790156572807,13,103.15342017786578,50.823438099098595,0.2547714326893966,-0.0024957698683918395,65.03794042526064,64.63066588555539,0.0026369213518890474,-0.004537036814077355,68.51874429675641,67.82664709540464,0.020174681552929258,298180.4,0,11
2024-11-19,65.70377181645438,66.27488234101966,63.87488234101966,65.07488234101966,289697,67.9492370447959,68.9492370447959,66.9492370447959,67.9492370447959,256746,0.10906986330821601,6,89.13464973765709,48.75788396014483,0.3213054528851047,-0.0022032715884691134,65.0817555152611,64.62899874910337,0.0028196805029613377,-0.0020415248845385703,68.26991749424539,67.82841723740634,0.018712598100592056,304242.4,1,11
2024-11-20,65.98323623763918,66.61310959716704,64.21310959716703,65.41310959716704,145086,68.64742795495874,69.64742795495874,67.64742795495874,68.64742795495874,229800,-0.05491541798463936,14,110.18811243206743,41.081375559527224,0.5153643488293872,0.005197508531401107,65.21470977471404,64.65135417162585,0.0030779396812378496,0.010275183953906142,68.33027659130323,67.86861066326985,0.015253955786571634,281799.6,2,11
2024-11-21,65.42896061795194,66.62310240909227,64.22310240909226,65.42310240909227,328292,69.26381417411261,70.26381417411261,68.26381417411261,69.26381417411261,211040,0.14123516338670364,9,90.61455452690767,41.9013265309413,0.5420829197907506,0.00015276466730851368,65.30228506309942,64.689679581506,0.0030825637588320102,0.008979014036160082,68.46945755187394,67.96372132984996,0.013320146703114445,299413.6,3,11
2024-11-22,64.58755652119629,66.97925087267498,64.57925087267498,65.77925087267498,170008,68.88803940339183,69.88803940339183,67.88803940339183,68.88803940339183,200014,0.04273459278207499,6,93.25351781817676,40.82150654786449,0.01367864427367782,0.005443772161028093,65.38178435955759,64.77697550889756,0.0032821824892674462,-0.005425268232791436,68.56735189203236,68.07387622585975,0.01347725045574544,254028.6,4,11
2024-11-25,65.99651140721127,66.93815999788704,64.53815999788704,65.73815999788704,225661,68.19129382400466,69.19129382400466,67.19129382400466,68.19129382400466,256854,-0.19453096046514795,8,94.10729140936004,51.8966958314212,0.9594000852714745,-0.0006246783635082132,65.48570104356818,64.86713612198724,0.0033770318981185586,-0.01011417345335075,68.58796248025274,68.11585341190646,0.012472654356414804,231748.8,0,11
2024-11-26,64.99875643720344,67.30849356651497,64.90849356651496,66.10849356651497,265962,69.60314980394595,70.60314980394595,68.60314980394595,69.60314980394595,300478,0.46260308059375643,1,99.23801061280196,43.1887526006627,0.5756062473515635,0.005633464165103463,65.69242328866726,64.94862617377036,0.0035955729279784666,0.020704343630510325,68.91874503208275,68.21439907005801,0.010187555042851073,227001.8,1,11
2024-11-27,66.92942605296744,67.39445743749683,64.99445743749682,66.19445743749682,156515,69.7471478853337,70.7471478853337,68.7471478853337,69.7471478853337,218347,-0.08791984490262908,6,103.23197596858708,56.277886829596916,0.5891582444091333,0.0013003453315021396,65.84869285673321,65.02857519270364,0.0033840018499126075,0.0020688443237606435,69.13868901815775,68.30243016714104,0.00912563846198475,229287.6,2,11
2024-11-28,66.3940255189107,67.50928858331407,65.10928858331407,66.30928858331407,255795,69.70208430038274,70.70208430038274,68.70208430038274,69.70208430038274,338131,0.19393807511247735,12,104.83701393608514,50.15123282427977,0.2114711337538192,0.001734754694918017,66.02593009157758,65.11907151885114,0.00334739338071709,-0.0006460993218683209,69.22634304341179,68.41283011982654,0.00915271050181074,214788.2,3,11
2024-11-29,67.20762003020724,67.90778302027125,65.50778302027125,66.70778302027125,206773,70.15508236418624,71.15508236418624,69.15508236418624,70.15508236418624,344548,-0.6046535706739287,3,99.94232453817217,48.779065404491654,0.7649871788012479,0.006009632217008232,66.21163652109684,65.22313752646961,0.0033350188963735474,0.00649906051376159,69.47975163557066,68.52386510030844,0.00914038671465768,222141.2,4,11
2024-12-02,66.24053211373528,67.89158768282581,65.49158768282581,66.69158768282581,439905,69.52903080473112,70.52903080473112,68.52903080473112,69.52903080473112,217305,0.31911772069523225,3,86.70108977559418,45.78072462397831,0.7372645200918427,-0.00024278032805435945,66.4023220580846,65.34182605780224,0.003061313377856205,-0.008923823311975942,69.74729903171595,68.64699125005407,0.009612771214837694,264990.0,0,12
2024-12-03,65.77539981065,67.75165354730004,65.35165354730003,66.55165354730003,443872,68.99426004702168,69.99426004702168,67.99426004702168,68.99426004702168,370896,0.36719093616364545,13,107.27786150310189,53.111293741351034,0.09515797340476406,-0.002098227683396625,66.4909540542416,65.45520973373615,0.0030445064957566443,-0.007691330535173346,69.62552108033108,68.66561329573179,0.010042125681618278,300572.0,1,12
2024-12-04,66.64985897734925,67.71948178527867,65.31948178527867,66.51948178527867,101827,68.9985657268942,69.9985657268942,67.9985657268942,68.9985657268942,135373,0.0074584467816595544,9,99.47041336336972,45.977510902287946,0.5949943722599202,-0.00048341040840549354,66.55595892379797,65.56429879281882,0.002962451467468837,6.24063490148874e-05,69.4758046486432,68.79569446438815,0.009566804419635186,289634.4,2,12
2024-12-05,66.66644021702726,67.88324193700534,65.48324193700533,66.68324193700533,340966,68.70196398793063,69.70196398793063,67.70196398793063,68.70196398793063,378275,0.13969275868443962,3,111.617347900147,45.073109979650596,0.6581937453298798,0.002461837454706517,66.63074959453623,65.68080243923848,0.002919643610613283,-0.004298665281501135,69.27578058615276,68.82530609364719,0.009180775655520963,306668.6,3,12
2024-12-06,66.16662887528486,67.61239928836345,65.21239928836344,66.41239928836345,356220,69.55456845529102,70.55456845529102,68.55456845529102,69.55456845529102,174112,0.1396287954018907,15,92.92261220520064,55.94174960302674,0.8355681745738773,-0.004061629890426577,66.57167284815466,65.77342914568018,0.003178441361930722,0.01241019059528159,69.15567780437372,68.88400403491364,0.009882904022119126,336558.0,4,12
2024-12-09,66.66105698373691,67.81872634337053,65.41872634337052,66.61872634337053,251195,69.56865707343457,70.56865707343457,68.56865707343457,69.56865707343457,260574,-0.16069589241018106,15,83.97725272649005,51.77310580387511,0.20609117891771067,0.0031067550219230355,66.55710058026361,65.87076602679426,0.0031903591917847784,0.00020255489260345705,69.16360305811442,69.00440221670989,0.009100474450514642,298816.0,0,12
2024-12-10,67.95594116228833,67.7722232162722,65.37222321627219,66.57222321627219,287648,69.30823059355437,70.30823059355437,68.30823059355437,69.30823059355437,170746,0.13678057635983507,1,99.65973997316925,48.82535285875864,0.8776347968064059,-0.0006980488768074666,66.56121451405804,65.956586843057,0.002853201215559955,-0.0037434455520004573,69.22639716742097,69.01014519352006,0.006417230178955817,267571.2,1,12
2024-12-11,67.30848863664153,68.091225862957,65.691225862957,66.891225862957,415962,68.11785456834996,69.11785456834996,67.11785456834996,68.11785456834996,221487,-0.20215761746813884,4,112.95952688284265,53.207164923668586,0.46148107170759567,0.00479182805189593,66.6355633295937,66.06373122120974,0.0031342197723682598,-0.01717510337531425,69.0502549357121,68.99875629845408,0.00822375574490552,330398.2,2,12
2024-12-12,66.97105858907939,67.64630928614774,65.24630928614773,66.44630928614774,251184,68.69791880433124,69.69791880433124,67.69791880433124,68.69791880433124,188819,-0.15218923091133152,8,101.6094213661605,50.04465936555349,0.09652361930564479,-0.0066513443440366915,66.58817679942217,66.13678538715884,0.003947627809271412,0.008515597557454457,69.04944589899223,69.00525677010768,0.008913641353031269,312441.8,3,12
2024-12-13,66.7717560362261,67.54978759044941,65.1497875904494,66.34978759044941,125782,70.0222919812913,71.0222919812913,69.0222919812913,70.0222919812913,305676,0.2817357858030747,14,98.00330200827143,51.91506575225842,0.10562122151087594,-0.0014526268913245266,66.57565445983937,66.18518704716212,0.00339714924085858,0.019278213954809997,69.14299060419229,69.08644298404226,0.010874557835798784,266354.2,4,12
2024-12-16,66.79971468228479,67.25998361035869,64.85998361035868,66.05998361035869,249002,68.6612080103208,69.6612080103208,67.6612080103208,68.6612080103208,105980,0.24366442267505067,2,91.29652982342567,45.91576048812273,0.19780445367316957,-0.004367820766504438,66.463905913237,66.22725739878834,0.0036022766594331667,-0.019437866605882537,68.96150079156953,69.11509134041316,0.012240999500496567,265915.6,0,12
2024-12-17,65.86201520325504,67.15705103970542,64.75705103970542,65.95705103970542,201556,69.17340604629952,70.17340604629952,68.17340604629952,69.17340604629952,348263,-0.17659387552894815,16,117.57766466680823,60.35199304455311,0.2827507059853085,-0.0015581682741611091,66.34087147792366,66.27136583372263,0.003587087016536565,0.0074597877145086144,68.93453588211858,69.17629979048834,0.012284164022999994,248697.2,1,12
2024-12-18,65.05972176938515,67.2871024232228,64.8871024232228,66.0871024232228,253088,68.25269116523765,69.25269116523765,67.25269116523765,68.25269116523765,369230,-0.18339408587526015,7,89.7039740511522,47.10190016161887,0.49640580445979965,0.00197175861363319,66.18004678997681,66.30506547502543,0.0037003378581489783,-0.013310243541363453,68.96150320149611,69.15656295100229,0.013021937101948263,216122.4,2,12
2024-12-19,66.03163670564344,67.32592977214644,64.92592977214643,66.12592977214643,192041,69.98915306156198,70.98915306156198,68.98915306156198,69.98915306156198,260154,-0.16139915061441804,3,92.7460574237176,57.780081634749884,0.7487511977445599,0.0005875177984802082,66.11597088717654,66.34020684317812,0.003570637348467402,0.025441661957627648,69.21975005294226,69.19282989537476,0.01537153913490039,204293.8,3,12
2024-12-20,66.5555548334852,67.34968697848696,64.94968697848695,66.14968697848695,159949,69.06327038245415,70.06327038245415,68.06327038245415,69.06327038245415,255127,0.1831598916163727,17,105.70034196084023,49.055655753477616,0.1867259020194323,0.0003592721708773894,66.07595076478407,66.35872864846873,0.0033959069738386497,-0.013228945323762176,69.02794573317482,69.20159144432787,0.01557252212934541,211127.2,4,12
2024-12-23,65.70979731385765,67.39469751141519,64.99469751141518,66.19469751141519,494145,69.36872174930531,70.36872174930531,68.36872174930531,69.36872174930531,303993,-0.24999619520259928,2,81.4397931011321,54.03548557827481,0.9926517944995366,0.0006804345565969427,66.10289354499537,66.38155552414514,0.003199204944166554,0.0044227758859325395,69.16944848097172,69.26046284059291,0.015653655232307113,260155.8,0,12
2024-12-24,66.23070935967395,67.51889233491862,65.11889233491861,66.31889233491862,151546,70.71436021004763,71.71436021004763,69.71436021004763,70.71436021004763,143703,0.08917815975898814,3,112.74590665381339,53.67111749513068,0.1615219317703126,0.001876205015998611,66.175261804038,66.39207546256532,0.003295571380141991,0.01939834592318679,69.47763931372135,69.31602336089799,0.016740794174582543,250153.8,1,12
2024-12-25,65.83625550587021,67.38214037737137,64.98214037737137,66.18214037737137,382439,70.09200443772501,71.09200443772501,69.09200443772501,70.09200443772501,319913,0.18671170265857365,19,106.24193114217356,55.73425877575023,0.5993779677221475,-0.0020620362121948066,66.1942693948677,66.39145960955905,0.0027725200459163698,-0.008800981448096157,69.84550196821881,69.33326618851756,0.01585337990417757,276024.0,2,12
2024-12-26,67.1677151735235,67.61670054760194,65.21670054760193,66.41670054760193,387030,69.2327611748297,70.2327611748297,68.2327611748297,69.2327611748297,149975,-0.02206136257327503,10,108.9923107181111,45.79688146417928,0.9289404358713399,0.003544161142161606,66.2524235499588,66.39683020777345,0.0023275264784764793,-0.012258791424044957,69.69422359087235,69.3098000322399,0.016398276077892904,315021.8,3,12
2024-12-27,67.01719393976495,67.84246543206167,65.44246543206167,66.64246543206167,347114,69.28653332113946,70.28653332113946,68.28653332113946,69.28653332113946,296446,0.2525159242162319,9,105.58117011949653,55.37817700639431,0.8325074228768271,0.0033992186091498233,66.35097924067375,66.39356432836296,0.0025001279217803257,0.0007766864327998224,69.73887617860943,69.26637258008756,0.01508503143728904,352454.8,4,12
2024-12-30,67.13474055605143,68.00897024572944,65.60897024572944,66.80897024572944,464582,69.61364323881772,70.61364323881772,68.61364323881772,69.61364323881772,177784,-0.07607754237244811,14,98.3887648254363,59.2321992545572,0.6478892016631599,0.002498479199235515,66.47383378753662,66.39943345650815,0.0019038382923691078,0.004721118260631041,69.7878604765119,69.27060320179189,0.013663413472858751,346542.2,0,12
2024-12-31,67.32398517714343,68.21318452058294,65.81318452058294,67.01318452058294,101993,70.31912346966887,71.31912346966887,69.31912346966887,70.31912346966887,318762,-0.0534639002484786,12,89.36851289844577,48.70653510379071,0.7154929967908985,0.003056689455059436,66.61269222466947,66.42251000517228,0.0017314255129953033,0.010134223666917075,69.70881312843615,69.33684637292426,0.013819140502709347,336631.6,1,12
2025-01-01,67.14321418450474,68.36183881078081,65.9618388107808,67.16183881078081,220651,70.09870433023029,71.09870433023029,69.09870433023029,70.09870433023029,333138,-0.24431155778296412,12,98.59924558775039,50.17353033571061,0.1342056267053643,0.0022182842266242897,66.80863191135136,66.45462785644739,0.0017391842218846725,-0.0031345547066389257,69.71015310693721,69.39185330309105,0.012934994504638357,304274.0,2,1
2025-01-02,67.78540394837552,68.88662580711177,66.48662580711176,67.68662580711177,173724,70.44947932010969,71.44947932010969,69.44947932010969,70.44947932010969,146766,0.2542943369050513,1,90.24763688247366,47.38276678759923,0.00966305376024823,0.007813767544534889,67.06261696325332,66.50479704995271,0.0025681402286313066,0.005004015312849663,69.9534967359932,69.47922906970001,0.010296222251413321,261612.8,3,1
2025-01-03,67.16097342190217,68.95356571216833,66.55356571216832,67.75356571216832,330770,71.63387446259375,72.63387446259375,70.63387446259375,71.63387446259375,277579,-0.19163011174471759,11,104.86155310076384,48.2678187390745,0.43414878436037274,0.0009889679720085365,67.28483701927466,66.57185537114296,0.002521516438550508,0.016811978653559434,70.42296496428406,69.58319437006514,0.01016115002202717,258344.0,4,1
2025-01-06,66.68026573165399,68.97348672102927,66.57348672102927,67.77348672102927,354216,70.70496078596257,71.70496078596257,69.70496078596257,70.70496078596257,239479,0.0874429544287648,6,108.06779830548102,58.55711399466245,0.08951892633830305,0.000294021556674684,67.47774031433462,66.6295933900259,0.0025535772283200586,-0.01296751967696863,70.64122847371303,69.64000955569153,0.011433588498434536,236270.8,0,1
2025-01-07,67.77247245955739,68.89743189438488,66.49743189438487,67.69743189438488,459160,72.07718535020727,73.07718535020727,71.07718535020727,72.07718535020727,174092,-0.01782901678148369,16,114.76808631198207,44.97882736934898,0.35775256191282434,-0.0011221914398097388,67.614589789095,66.68585382393152,0.002782804693478705,0.01940775511351589,70.99284084982072,69.7784572935242,0.011435182530828047,307704.2,1,1
2025-01-08,67.72357874650639,68.76158361837032,66.36158361837032,67.56158361837032,251887,70.61602915662162,71.61602915662162,69.61602915662162,70.61602915662162,268245,-0.26319576577791565,10,103.71767640552864,45.28940589074614,0.22374279356973759,-0.002006697628153642,67.6945387506129,66.7193717117022,0.0027737306108846804,-0.020272103946432085,71.09630581509899,69.90336602293777,0.013091112980323276,313951.4,2,1
2025-01-09,67.98490076672955,68.58026848251687,66.18026848251687,67.38026848251687,194359,71.45145951905171,72.45145951905171,70.45145951905171,71.45145951905171,397652,-0.1522757859558302,3,109.24575356595186,58.05450468207189,0.9163467223807427,-0.002683701685822437,67.63326728569393,66.76606967152065,0.0030870532183067457,0.011830605209720346,71.29670185488739,70.04104305867381,0.01262464083469432,318078.4,3,1
2025-01-10,68.06177404706598,68.4761061390248,66.07610613902479,67.27610613902479,469712,70.49049779265117,71.49049779265117,69.49049779265117,70.49049779265117,80792,0.3457180597601835,17,97.02855262769857,53.12274212944181,0.8800559990080575,-0.001545887925915701,67.53777537106522,66.81238559894942,0.003135050473489463,-0.013449154613060288,71.06802652089887,70.06445334924179,0.013688627579083392,345866.8,4,1
2025-01-13,68.13394003608282,68.54894079358336,66.14894079358335,67.34894079358335,369195,70.92671713753302,71.92671713753302,69.92671713753302,70.92671713753302,386200,0.05041438565862013,6,95.21722861991805,60.60185124521262,0.8189428485310084,0.0010826229212501648,67.45286618557604,66.87683345811067,0.003089040327610486,0.006188342521924017,71.11237779121295,70.17772880560241,0.013731111169834633,348862.6,0,1
2025-01-14,67.01047859733599,68.70949039398293,66.30949039398293,67.50949039398293,405889,70.0747237630723,71.0747237630723,69.0747237630723,70.0747237630723,353908,-0.2522875853417105,6,104.73671890816802,47.747806810870735,0.7139442984139875,0.0023838474444852764,67.41527788549566,66.95445542582453,0.0030416203073949646,-0.01201230521932417,70.71188547378596,70.22279469144105,0.014047718901586131,338208.4,1,1
2025-01-15,67.43294302563704,68.80907554311193,66.40907554311192,67.60907554311193,277991,70.09682000955948,71.09682000955948,69.09682000955948,70.09682000955948,249399,0.07633207183717296,18,96.1352712728309,50.63140568618785,0.154071929104027,0.0014751281419518314,67.42477627044397,67.03055408181899,0.0030104700870226264,0.00031532406123901957,70.60804364437354,70.31500113365715,0.014011576774652111,343429.2,2,1
2025-01-16,67.77257842654794,68.73241127860724,66.33241127860724,67.53241127860724,278953,70.80823485161623,71.80823485161623,69.80823485161623,70.80823485161623,275207,-0.03652850789863628,15,102.69185788827657,46.69661528114098,0.048367426199151575,-0.0011339345182408422,67.45520482966205,67.10087815714203,0.0016913173038437402,0.010149031610274584,70.47939871088644,70.35595522315984,0.014303660433288803,360348.0,3,1
2025-01-17,69.08160393326735,69.01565159439626,66.61565159439625,67.81565159439626,255618,71.40878353987544,72.40878353987544,70.40878353987544,71.40878353987544,198141,0.8635116005610454,17,89.38807810664579,50.71650584323848,0.6538878578546925,0.004194138939012548,67.56311392073636,67.18417638793748,0.0021803203936593984,0.008481339628331419,70.6630558603313,70.4732308810309,0.013473030175841517,317529.2,4,1
2025-01-20,68.80428002770202,69.26423042584507,66.86423042584507,68.06423042584507,399805,71.08838432704535,72.08838432704535,70.08838432704535,71.08838432704535,121323,0.0712809603355681,13,91.18372317523699,41.12951651357848,0.6422581371750993,0.0036655082654895033,67.70617184718868,67.27765303365899,0.0024577526611827744,-0.004486831968663618,70.69538929823375,70.55921400991791,0.012834136502106953,323651.2,0,1
2025-01-21,68.67833202845645,69.31863344745726,66.91863344745725,68.11863344745726,184246,70.34679744640704,71.34679744640704,69.34679744640704,70.34679744640704,262872,-0.09515621176659113,18,106.35409301018291,53.42477278327504,0.36942428475448097,0.0007992894545609808,67.82800045788356,67.36764008928591,0.002397206859455216,-0.010431899496078034,70.74980403490072,70.54083587173588,0.011364043357891887,279322.6,1,1
2025-01-22,67.87257410719782,69.26646808497247,66.86646808497247,68.06646808497247,490161,70.25031306519888,71.25031306519888,69.25031306519888,70.25031306519888,341234,0.35500697944677606,3,108.86690075406096,51.61737041746169,0.4726866664355971,-0.0007658016587344108,67.91947896625565,67.46185647466598,0.0022749556018321826,-0.001371553286155791,70.78050264602858,70.54875130310958,0.00946933733201545,321756.6,2,1
2025-01-23,67.83212681189428,69.47372662747185,67.07372662747184,68.27372662747185,170370,70.4174447861601,71.4174447861601,69.4174447861601,70.4174447861601,153954,-0.46025904182321137,12,90.1434383103332,49.71222668767041,0.48914938823798937,0.003044943396220301,68.06774203602859,67.55470777865946,0.0020222790674766012,0.0023790886284891233,70.70234463293737,70.6079854836761,0.00852922946978583,300040.0,3,1
2025-01-24,68.79747071338322,69.6030167716916,67.2030167716916,68.4030167716916,284392,70.34244350392797,71.34244350392797,69.34244350392797,70.34244350392797,309458,0.023580039095274362,6,106.7061431050642,48.048178377001676,0.23992813274650637,0.001893702755163984,68.18521507148765,67.64273534564097,0.0017556055176482673,-0.0010650951970764266,70.48907662574787,70.66078099281552,0.0074155568603182275,305794.8,4,1
2025-01-27,67.6284244439196,69.37875507603678,66.97875507603678,68.17875507603678,225845,71.24444629170503,72.24444629170503,70.24444629170503,71.24444629170503,319376,0.49860712367026816,8,94.67264326964725,45.5262300631595,0.3141666119075859,-0.0032785351617361513,68.208120001526,67.71122458715634,0.0023553144911920318,0.01282302323954232,70.52028901867979,70.74232114545988,0.00829395814862413,271002.8,0,1
2025-01-28,68.13318918209681,69.45240735758696,67.05240735758696,68.25240735758696,357010,71.92743371061178,72.92743371061178,70.92743371061178,71.92743371061178,322655,-0.029049821089938515,5,100.1650517620031,53.63856456016381,0.4183895546635016,0.0010802819950004316,68.23487478355193,67.77318572900654,0.002320033993797527,0.00958653557514233,70.83641627152076,70.82273665750704,0.007449189757664396,305555.6,1,1
2025-01-29,68.3397127388716,69.59710171337257,67.19710171337256,68.39710171337256,372276,71.38905224121768,72.38905224121768,70.38905224121768,71.38905224121768,188800,-0.4333252611620197,4,114.16944415790647,44.14455007148297,0.6031790299115898,0.0021199890434271396,68.30100150923195,67.83494887413613,0.0023405685863868582,-0.007485064343601966,71.06416410672452,70.88725405305641,0.0080994460479474,281978.6,2,1
2025-01-30,69.0870334062389,69.4905773616775,67.09057736167749,68.29057736167749,467465,69.93432850727478,70.93432850727478,68.93432850727478,69.93432850727478,205453,-0.09897949110264943,9,108.07487234022949,52.55947956024622,0.9558192060173925,-0.0015574395555746356,68.30437165607307,67.8651464518644,0.002390035260993455,-0.020377406454809233,70.96754085094746,70.86149651241466,0.01012634784306392,341397.6,3,1
2025-01-31,68.24171634600424,69.61906499748407,67.21906499748407,68.41906499748407,415686,71.30460872128334,72.30460872128334,70.30460872128334,71.30460872128334,213187,0.3636295102397592,18,107.95871988022193,60.37225697404729,0.53848460951904,0.0018814841046970177,68.30758130123158,67.8984214161302,0.0021603315906984838,0.01959381384302583,71.15997389441853,70.84503322534914,0.011780756728462386,367656.4,4,1
2025-02-03,66.97230852615853,69.39193334544484,66.99193334544483,68.19193334544484,199469,71.09425394746528,72.09425394746528,70.09425394746528,71.09425394746528,353344,0.09401739908019278,13,119.08790358456966,57.42760744322149,0.7311639095432015,-0.003319712890662685,68.31021695511319,67.91934374735098,0.002288110306166572,-0.002950086643632055,71.12993542557058,70.86449788342428,0.011726835366878841,362381.2,0,2
2025-02-04,68.8194673979618,69.76724507413057,67.36724507413057,68.56724507413057,182662,72.82484432426583,73.82484432426583,71.82484432426583,72.82484432426583,368143,-0.20971402737812944,7,92.96120658950203,42.474360286646736,0.8070011023955532,0.00550375550704052,68.3731844984219,67.96283440633826,0.0028435559709040514,0.02434219758574807,71.30941754830138,70.9018808321272,0.013314922620595493,327511.6,1,2
2025-02-05,68.57352959089509,70.12304051744705,67.72304051744705,68.92304051744705,454623,71.04875776969531,72.04875776969531,70.04875776969531,71.04875776969531,212488,-0.171310701794756,9,90.14125025007453,47.31630969828348,0.11350812130855359,0.005189000125815468,68.4783722592368,68.03090725129209,0.003121646350690053,-0.024388470322877276,71.24135865399691,70.92351726278089,0.015982038773713424,343981.0,2,2
2025-02-06,68.97555066242475,70.15423515020588,67.75423515020587,68.95423515020588,295148,71.71982858864635,72.71982858864635,70.71982858864635,71.71982858864635,390392,-0.13992506778745334,11,92.7787772977141,52.10725370277669,0.6531246675539409,0.0004526009375764861,68.61110381694249,68.10960558467654,0.003063655750300875,0.009445215370637694,71.59845867027123,70.93693571626062,0.016192530402455333,309517.6,3,2
2025-02-07,69.07458510595409,70.31793745637515,67.91793745637514,69.11793745637515,139017,73.14144906470189,74.14144906470189,72.14144906470189,73.14144906470189,262562,0.09029947101349904,5,97.45498946593385,49.64859038992825,0.4821107202544245,0.00237407181462701,68.75087830872069,68.20169715054405,0.003082991380973661,0.01982186103942518,71.96582673895493,71.06948327986316,0.017082692559837947,254183.8,4,2
2025-02-10,68.54515420482626,69.88200620273514,67.48200620273514,68.68200620273514,429988,71.95199320754307,72.95199320754307,70.95199320754307,71.95199320754307,203218,0.3345490332346633,10,76.45449385708106,43.0029714085879,0.5724309422478921,-0.006307063979088645,68.84889288017875,68.26835042100166,0.003651232430098452,-0.01626240486576369,72.1373745909705,71.12074708336365,0.01787886084867157,300287.6,0,2
2025-02-11,68.91139122982932,69.71622093893697,67.31622093893697,68.51622093893697,359379,71.85420878304683,72.85420878304683,70.85420878304683,71.85420878304683,80205,0.26310575319979274,14,97.9257176330319,51.926579757367456,0.03841693576904459,-0.002413809277917789,68.83868805314003,68.31868694824936,0.0037801410172349534,-0.0013590231505357098,71.94324748272669,71.20972133436238,0.01763721456496431,335631.0,1,2
2025-02-12,67.76965055089565,69.736082990072,67.336082990072,68.536082990072,110228,71.60483365228633,72.60483365228633,70.60483365228633,71.60483365228633,275544,0.11400304552728212,5,94.55429268105088,49.9499155244185,0.9062157365473852,0.000289888304737973,68.76129654766503,68.36503732059737,0.003731186903744473,-0.0034705709656264183,72.05446265924488,71.28512201649872,0.01749204101048296,266752.0,2,2
2025-02-13,68.12860476677797,69.58711187925515,67.18711187925514,68.38711187925514,413135,71.5850780024495,72.5850780024495,70.5850780024495,71.5850780024495,286359,-0.3329111900143708,12,107.837597673978,59.57162704301891,0.9527841495754501,-0.002173615770227788,68.64787189347487,68.40777235062976,0.003768505823523899,-0.0002758982715155289,72.02751254200552,71.3239641740404,0.015918208027766154,290349.4,3,2
2025-02-14,68.96530062860064,69.82328167204196,67.42328167204195,68.62328167204195,342950,72.08984739020907,73.08984739020907,71.08984739020907,72.08984739020907,389882,-0.3319831284983603,14,103.5241937901004,48.733856486912764,0.003481923684611754,0.0034534254525002694,68.54894073660824,68.44815385451204,0.0038799994970132685,0.0070513213346263814,71.81719220710696,71.35801736655706,0.014877373087578357,331136.0,4,2
2025-02-17,68.82872559517408,70.33576798284626,67.93576798284626,69.13576798284626,345842,71.6500761915106,72.6500761915106,70.6500761915106,71.6500761915106,309816,0.13331300530344084,10,93.99303372230663,55.840016926632956,0.21279159204151088,0.00746811138023884,68.63969309263047,68.5017307323621,0.00424298925402471,-0.006100320844321772,71.75680880390047,71.38610195978033,0.015007687823849347,314306.8,0,2
2025-02-18,68.15745618355251,70.1618595381875,67.7618595381875,68.9618595381875,445974,72.48869468553242,73.48869468553242,71.48869468553242,72.48869468553242,89495,-0.3363677744832236,6,105.89960845362904,43.664557984350125,0.18019417370894997,-0.002515462686433323,68.72882081248056,68.5438920368986,0.004134185762483354,0.011704362906472143,71.88370598439758,71.4931968217366,0.013240538548879698,331625.8,1,2
2025-02-19,69.19461590062063,70.06033822899226,67.66033822899226,68.86033822899226,298213,71.03653641886093,72.03653641886093,70.03653641886093,71.03653641886093,261474,-0.05639175526715107,11,107.23263059823769,44.85995351051746,0.7813045172798514,-0.001472137060617107,68.79367186026464,68.58358554409959,0.003835181866415902,-0.020032893032095322,71.77004653771252,71.53250798941971,0.012408638373312013,369222.8,2,2
2025-02-20,69.55120443536737,70.1896571201466,67.7896571201466,68.9896571201466,284506,72.18667790384552,73.18667790384552,71.18667790384552,72.18667790384552,317689,0.07603761154654425,16,92.3145421020859,53.60830979904745,0.5980800591118203,0.0018779880331736276,68.91418090844293,68.61938206873334,0.003883540779671308,0.016190844077797806,71.89036651799172,71.62096964530397,0.013137926327189074,343497.0,3,2
2025-02-21,69.39267516041895,70.61517276424046,68.21517276424045,69.41517276424045,346938,72.52241734221225,73.52241734221225,71.52241734221225,72.52241734221225,238898,-0.2843984988406722,5,95.06975744617581,55.41865390303687,0.17733366329673173,0.0061678179288933155,69.07255912688262,68.66998986836077,0.004298092303285905,0.004650988909808751,71.97688050839234,71.7299683372182,0.011456226594255131,344294.6,4,2
2025-02-24,68.24724590471567,70.42766870395043,68.02766870395043,69.22766870395043,179113,71.85789285103516,72.85789285103516,70.85789285103516,71.85789285103516,217392,-0.2560655835897159,11,77.74636812902017,45.213036369628036,0.8139709553188604,-0.0027011970556762854,69.09093927110345,68.72243554975645,0.0037906950799037106,-0.009163021801126603,72.01844384029725,71.7606406651847,0.01057714155183847,310948.8,0,2
2025-02-25,69.70995061569694,70.55696574234753,68.15696574234752,69.35696574234753,160665,72.34335457715214,73.34335457715214,71.34335457715214,72.34335457715214,339179,-0.023530266141954664,13,89.09340025630715,50.12038703241956,0.35347487180574844,0.0018677075339634808,69.16996051193546,68.77766346899449,0.0036258160035697396,0.006755858081218147,71.9893758186212,71.78143670851172,0.010777538734190024,253887.0,1,2
2025-02-26,68.99486674915042,71.02481068986026,68.62481068986025,69.82481068986026,437511,72.45128659826092,73.45128659826092,71.45128659826092,72.45128659826092,275638,0.12591257188101346,7,92.57530439576422,43.09210413235461,0.46085687629310235,0.006745464460638617,69.36285500410904,68.84904891781886,0.0039963365205065585,0.0014919410599583127,72.27232585450119,71.83454842636388,0.010676352817173617,281746.6,2,2
2025-02-27,69.69577714662134,70.74137750819726,68.34137750819725,69.54137750819726,186228,71.89835671208021,72.89835671208021,70.89835671208021,71.89835671208021,298039,0.2653796926034392,8,100.74166176606022,49.0939008684726,0.3873066053206454,-0.004059204441268283,69.47319908171917,68.91158892514486,0.004245157624066748,-0.007631746959121388,72.21466161614813,71.93274983660415,0.011038685059834234,262091.0,3,2
2025-02-28,68.89314762094914,70.53687953332022,68.13687953332021,69.33687953332021,301737,72.12471068835202,73.12471068835202,71.12471068835202,72.12471068835202,228513,0.15176335869263796,17,90.54617320640185,54.184613928120626,0.5213802064412295,-0.0029406661502058284,69.45754043553514,68.95747965193667,0.004426572856558584,0.00314824964885152,72.13512028537609,71.97375493495758,0.010848341390346265,253050.8,4,2
2025-03-03,68.73650435744048,70.51642400032397,68.11642400032396,69.31642400032396,207959,71.65403081910097,72.65403081910097,70.65403081910097,71.65403081910097,168983,0.01841414874804863,7,94.86548012950891,47.82520750431927,0.48014246882872536,-0.0002950166366575413,69.47529149480985,69.01370418468062,0.0038129256487271714,-0.006525916911956142,72.09434787898925,72.00174377853936,0.010876174242699793,258820.0,0,3
2025-03-04,69.05286082704112,70.47381583558096,68.07381583558096,69.27381583558096,192183,72.46749431403691,73.46749431403691,71.46749431403691,72.46749431403691,246109,-0.18654868838926233,12,87.746693184174,48.75482647028099,0.27458400266244265,-0.0006146907512539768,69.45866151345652,69.04903272275314,0.0037046156210847844,0.011352655051460214,72.11917582636622,71.98387627802792,0.010834821430807808,265123.6,1,3
2025-03-05,69.4262888194479,70.71793759766153,68.31793759766153,69.51793759766153,339111,71.82788630117011,72.82788630117011,70.82788630117011,71.82788630117011,386903,-0.2677267489611298,3,101.7111389853127,44.35102300851974,0.4245560374938403,0.003524012054713088,69.39728689501678,69.07877757676388,0.003752042013764895,-0.008826136724074729,71.99449576694805,72.02283270460165,0.008944482098462365,245443.6,2,3
2025-03-06,69.31535893227559,70.83746305746881,68.4374630574688,69.6374630574688,420944,73.06464927126343,74.06464927126343,72.06464927126343,73.06464927126343,272854,-0.1277192720822869,18,104.25714594584908,46.75820793187537,0.9083371498543001,0.0017193470338410233,69.41650400487109,69.11293897212701,0.003748049582869202,0.017218423564737018,72.22775427878469,72.09007373873251,0.009140307926913902,292386.8,3,3
2025-03-07,69.61444368190642,70.52009204279885,68.12009204279885,69.32009204279885,276760,71.61120460204155,72.61120460204155,70.61120460204155,71.61120460204155,306325,0.10248389624514179,12,104.02365348419822,58.79055458107169,0.5028941364792451,-0.004557475254491239,69.41314650676682,69.1230467014482,0.0036186087035783195,-0.01989258394748128,72.12505306152259,72.01356151559949,0.011190122552135973,287391.4,4,3
2025-03-10,69.27306801917777,70.6961027084072,68.29610270840719,69.4961027084072,155491,72.15632575905859,73.15632575905859,71.15632575905859,72.15632575905859,119722,0.08415592665683572,15,100.1236113190526,50.364624458585666,0.9163864104223756,0.0025391002871097967,69.44908224838346,69.1637515267318,0.0035843520008068605,0.007612232751095238,72.22551204951412,72.02377814317528,0.011122134574435368,276897.8,0,3
2025-03-11,69.924761051102,70.63466561526609,68.23466561526608,69.43466561526608,197790,72.05990357033697,73.05990357033697,71.05990357033697,72.05990357033697,396140,-0.5249754964312806,12,84.58927003498606,44.98846116674701,0.5501270478179646,-0.0008840365250247784,69.4812522043205,69.20967376054826,0.0035641156189804807,-0.0013362957122232677,72.14399390077412,72.03406288253977,0.010906288249008259,278019.2,1,3
2025-03-12,69.91244212786467,70.97185554504293,68.57185554504292,69.77185554504292,165829,73.56694358236783,74.56694358236783,72.56694358236783,73.56694358236783,158304,-0.19641925706687574,7,93.8004633610715,48.42614025041004,0.7688172932641588,0.004856218817919977,69.53203579379677,69.27146238829681,0.0032058209651899074,0.02091371119529528,72.49180535701367,72.13216837904386,0.012828465702647536,243362.8,2,3
2025-03-13,69.34799481793073,70.89677342122889,68.49677342122888,69.69677342122888,453123,72.89494738859884,73.89494738859884,71.89494738859884,72.89494738859884,390803,0.30112688790153896,7,95.92693327681515,42.01286189416719,0.2935913096597129,-0.00107610903031774,69.54389786654879,69.33694546539549,0.002919505570924594,-0.009134485694877403,72.45786498048076,72.19766184835132,0.012956824863285372,249798.6,3,3
2025-03-14,69.18530895150825,70.81827889342439,68.41827889342439,69.61827889342439,227811,72.49123861189776,73.49123861189776,71.49123861189776,72.49123861189776,222643,0.019803761951034858,14,95.96704687079375,44.92920153929894,0.7904134900444079,-0.0011262290053242197,69.60353523667389,69.38669532646462,0.0027523579494150205,-0.005538227149666897,72.633871782452,72.21773140943576,0.013120685270091064,240008.8,4,3
2025-03-17,68.96893799276818,70.9926861422919,68.5926861422919,69.7926861422919,249568,73.09191780693374,74.09191780693374,72.09191780693374,73.09191780693374,374051,-0.3542522282757465,17,100.74981217989837,56.80169869523227,0.2643216129849856,0.002505193343468104,69.66285192345083,69.41954123443689,0.0028145706303846245,0.008286231640376451,72.82099019202703,72.28982349020691,0.013064774159168787,258824.2,0,3
2025-03-18,70.15884771476956,71.21348112583615,68.81348112583615,70.01348112583615,128414,71.74916571743834,72.74916571743834,70.74916571743834,71.74916571743834,365379,0.5889552953995378,3,114.25541372371019,49.28758787806697,0.019549971642973007,0.003163583403196446,69.77861502556485,69.47212231381934,0.0028731751031694707,-0.018370732767501896,72.7588426214473,72.25284704180221,0.01406033987936652,244949.0,1,3
2025-03-19,69.98743206600902,71.3647258396347,68.9647258396347,70.1647258396347,278412,73.13884568585016,74.13884568585016,72.13884568585016,73.13884568585016,321718,-0.007235433078691161,17,108.120962126846,59.45365088050603,0.16072894317769304,0.0021602227366286364,69.85718908448321,69.53734169435145,0.0027742207693393015,0.019368587139878768,72.67322304214376,72.35796250515168,0.01508538228603611,267465.6,2,3
2025-03-20,68.66741980368957,71.05351756772133,68.65351756772132,69.85351756772133,465569,74.05202607440418,75.05202607440418,73.05202607440418,74.05202607440418,373250,0.09608348982835199,16,90.12482220151306,49.52326080751972,0.021652875032036834,-0.004435394967902462,69.88853791378169,69.58053471673018,0.003225640171986321,0.012485572885253982,72.90463877930483,72.45122991367961,0.014618858355411142,269954.8,3,3
2025-03-21,69.75315570358094,71.22101313996565,68.82101313996564,70.02101313996565,263880,73.10042104380724,74.10042104380724,72.10042104380724,73.10042104380724,275017,0.09988118901128362,3,106.78402875296634,49.82010651904252,0.9470626418914286,0.002397811564491814,69.96908476308994,69.61082673551645,0.002777071413593264,-0.0128504928364932,73.02647526568674,72.48013009875936,0.013612035342128622,277168.6,4,3
2025-03-24,69.39673978149395,71.04725679612143,68.64725679612143,69.84725679612143,360497,72.88800469762303,73.88800469762303,71.88800469762303,72.88800469762303,351607,-0.09189886654004652,3,106.40302367665737,53.204470792710616,0.9999770204176942,-0.0024814885711078594,69.97999889385585,69.641806140125,0.0029200686129837866,-0.002905815632127662,72.98569264382459,72.53163569108875,0.013548741182577581,299354.4,0,3
2025-03-25,70.73391897014365,71.14608017405833,68.74608017405832,69.94608017405832,172777,73.27495720184365,74.27495720184365,72.27495720184365,73.27495720184365,135094,-0.18189342045534856,14,91.93932527048435,36.637062088902994,0.7622302636195206,0.0014148498089960881,69.96651870350028,69.67126186171053,0.002888625861874038,0.005308864000680202,73.29085094070565,72.57821582232332,0.013579345358956935,308227.0,1,3
2025-03-26,68.83349380584168,70.88488311178834,68.48488311178833,69.68488311178834,157175,73.22224625777694,74.22224625777694,72.22224625777694,73.22224625777694,102490,0.5304187462664851,17,108.48865922635439,51.024696618267875,0.10812816375158762,-0.003734263044047781,69.87055015793102,69.66426548280694,0.0028039040532077783,-0.0007193582375150109,73.307531055091,72.61676380529913,0.01179412289949598,283979.6,2,3
2025-03-27,69.10524583164784,71.02592123151487,68.62592123151487,69.82592123151487,392650,71.62744121578095,72.62744121578095,70.62744121578095,71.62744121578095,253872,0.25080146740443765,8,98.39623364054736,49.75506755969524,0.8989454603326495,0.00202394139773876,69.86503089068972,69.67849266897282,0.002857456936225097,-0.021780334850443284,72.82261408336636,72.60321803048416,0.013402201573935306,269395.8,3,3
2025-03-28,70.24959414582415,70.8946093242713,68.4946093242713,69.6946093242713,126294,71.68521343519669,72.68521343519669,70.68521343519669,71.68521343519669,339151,0.20548430027716913,13,85.90046509985555,57.43019446757574,0.7437761832661044,-0.0018805610427707897,69.79975012755085,69.69637915852039,0.002905581365348722,0.0008065654508262465,72.53957256164425,72.58124316782639,0.01334888904703451,241878.6,4,3
2025-03-31,70.13711500390531,70.65873342517332,68.25873342517332,69.45873342517332,279383,72.58490819982501,73.58490819982501,71.58490819982501,72.58490819982501,324920,0.14407229792955267,19,104.55202724637142,54.82339697081809,0.3322445154020879,-0.0033844209958980853,69.72204545336123,69.70349462976284,0.002963234421512366,0.012550632431912012,72.47895326208466,72.6277870368626,0.013742144921696068,225655.8,0,3
2025-04-01,69.27983968831998,70.85233115768281,68.4523311576828,69.65233115768281,226681,72.22340522054431,73.22340522054431,71.22340522054431,72.22340522054431,248926,-0.25082934759042114,7,102.16961823614524,44.331541572266,0.5022779118089321,0.002787233843214887,69.66329565008613,69.72242039586794,0.00291385788900924,-0.00498041518886394,72.26864286582477,72.61558258218795,0.012406822514251592,236436.6,1,4
2025-04-02,69.42611598145778,70.94215889286224,68.54215889286223,69.74215889286224,106502,73.52937405019418,74.52937405019418,72.52937405019418,73.52937405019418,246674,0.31938254793506843,5,97.72322370814172,56.210693093137905,0.6617593412619689,0.0012896587046895558,69.6747508063009,69.73363146062798,0.0028371037720837265,0.01808234914515472,72.33006842430822,72.70065696963917,0.01219699729662522,226302.0,2,4
2025-04-03,69.95349147280825,70.8453737745316,68.44537377453159,69.64537377453159,312482,72.45626914060045,73.45626914060045,71.45626914060045,72.45626914060045,275150,-0.21078316450293733,19,99.625469150167,48.68842737209503,0.024050475673271232,-0.0013877562706271496,69.63864131490426,69.7340269964811,0.0025259876091081645,-0.014594234256110727,72.49583400927213,72.67023796310602,0.012270804681122344,210268.4,3,4
2025-04-04,68.82929603548023,71.19284593395288,68.79284593395288,69.99284593395288,485605,71.832127492525,72.832127492525,70.832127492525,71.832127492525,357836,0.07082169953766143,6,92.80914521111538,45.47773386851978,0.5015409120998952,0.004989163537928443,69.69828863684057,69.76766469103882,0.002933101294554789,-0.00861404617541528,72.52521682073778,72.68128410763019,0.011927039597620235,282130.6,4,4
2025-04-07,68.9992525558483,71.12984939810109,68.72984939810108,69.92984939810108,127659,72.16904104799468,73.16904104799468,71.16904104799468,72.16904104799468,349381,-0.4098474763661422,9,106.10130503797109,50.985516254356014,0.7323954332549851,-0.0009000424973609755,69.79251183142613,69.78935202552351,0.002827345808344299,0.0046902906433439195,72.44204339037172,72.681919872077,0.012081509876682881,251785.8,0,4
2025-04-08,69.82675330876476,71.16712000919013,68.76712000919012,69.96712000919013,426305,71.31731439741178,72.31731439741178,70.31731439741178,71.31731439741178,115089,-0.5102147126618799,9,99.56549365491074,48.98615322168091,0.18822537189633282,0.000532971419355821,69.85546960172758,69.81597474521972,0.0027961131234014998,-0.011801828571013973,72.26082522574522,72.64479041343074,0.012310039978561777,291710.6,1,4
2025-04-09,70.82862193696361,71.25367665389905,68.85367665389904,70.05367665389905,315671,72.9132013315293,73.9132013315293,71.9132013315293,72.9132013315293,270637,0.07957280066327868,10,101.66448843948228,57.69232657014262,0.44379057347933304,0.00123710458137416,69.91777315393495,69.83006580066251,0.0024753112859304477,0.02237727188133487,72.13759068201225,72.61210330088882,0.014653328534564632,333544.4,2,4
2025-04-10,69.72855703521086,71.14642207929423,68.74642207929422,69.94642207929422,389423,72.83339160293559,73.83339160293559,71.83339160293559,72.83339160293559,201900,-0.20227481679872703,6,103.57141924428872,51.70311014245605,0.5325301291849333,-0.001531034197315817,69.97798281488747,69.8425482335658,0.0024922523198679792,-0.0010945854404446065,72.21301517447927,72.60902551160565,0.012605149138855387,348932.6,3,4
2025-04-11,70.12335797692258,71.272889581055,68.87288958105499,70.072889581055,138619,72.81821195518586,73.81821195518586,71.81821195518586,72.81821195518586,335811,-0.4972918928243183,13,88.45414385573675,51.02829460443003,0.7355653719592322,0.0018080624855607574,69.99399154430789,69.86527876794732,0.002426271780867991,-0.0002084160495022802,72.41023206701144,72.62537417877006,0.0126176002979848,279535.4,4,4
2025-04-14,70.54735716990788,71.18046253362589,68.78046253362588,69.98046253362588,447636,73.62778995704373,74.62778995704373,72.62778995704373,73.62778995704373,241908,0.1351523757367689,14,91.05716978117948,54.5032354142772,0.9644537107931075,-0.0013190129304172515,70.00411417141285,69.87466758751401,0.0021237414273672737,0.011117795673918796,72.70198184882125,72.65216778627556,0.012487406791654177,343530.8,0,4
2025-04-15,70.96587502126282,71.11243265462375,68.71243265462374,69.91243265462374,104566,73.63154455653375,74.63154455653375,72.63154455653375,73.63154455653375,397229,0.5300201927626973,4,77.9005554038379,55.46435809046356,0.8482755480042915,-0.0009721267413665968,69.99317670049957,69.8696151639534,0.002054788224462547,5.099432554223071e-05,73.16482788064563,72.74628672823033,0.012297317974088373,279183.0,1,4
2025-04-16,69.93729825322042,71.42572248979458,69.02572248979457,70.22572248979458,462722,73.12348943578091,74.12348943578091,72.12348943578091,73.12348943578091,218344,0.34739006464501543,10,105.64742258490406,53.918025471486494,0.6215184202299502,0.004481174853670611,70.02758586767868,69.87266499646138,0.0024268591541597288,-0.006899965548906262,73.20688550149598,72.74551891572686,0.011151482354417612,308593.2,2,4
2025-04-17,70.00956222983906,71.21798059170578,68.81798059170578,70.01798059170578,363122,71.73716439121966,72.73716439121966,70.73716439121966,71.73716439121966,297315,-0.06432947131641813,2,87.87789976253234,57.09731736407477,0.5836406748348093,-0.0029582023612357844,70.041897570161,69.88088814766061,0.0026196815160560785,-0.01895868284265556,72.98764005915278,72.62977583156763,0.011829299960425919,303333.0,3,4
2025-04-18,70.42292959752291,70.71190198685149,68.31190198685148,69.51190198685148,234995,72.88227093514683,73.88227093514683,71.88227093514683,72.88227093514683,114747,0.00221132667423643,5,101.32569709895652,53.04341206456894,0.6031866930726707,-0.007227837772205703,69.92970005132028,69.8554325900049,0.0031145763017142026,0.015962528678751697,73.00045185514497,72.61886832613462,0.012585289332400306,322608.2,4,4
2025-04-21,69.111896496609,71.07299613420473,68.67299613420472,69.87299613420473,102840,73.20621227130987,74.20621227130987,72.20621227130987,73.20621227130987,378355,0.2219265641959783,19,103.70988224939553,50.838257323633506,0.5451786426597738,0.005194709640106598,69.90820677143606,69.85671955690906,0.0036226773928152178,0.004444720670837565,72.9161363179982,72.63477870481896,0.012578661493756261,253649.0,0,4
2025-04-22,70.94861658892852,71.63482605365161,69.2348260536516,70.4348260536516,344383,73.62046099574577,74.62046099574577,72.62046099574577,73.62046099574577,129129,0.2805320049587267,10,106.0235283889252,56.195860310440146,0.059362880258923556,0.008040730332613322,70.01268545124164,69.88115685088874,0.004446961780111883,0.005658655346088004,72.91391960584062,72.65205389451407,0.011709013388493337,301612.4,1,4
2025-04-23,69.84734301473897,71.5565007809196,69.1565007809196,70.3565007809196,134973,73.94538863050447,74.94538863050447,72.94538863050447,73.94538863050447,201078,-0.08588392970642468,12,87.9598308616394,49.54551929958931,0.698296394588205,-0.0011120247911500236,70.03884110946665,69.9147377343453,0.004475942521653188,0.00441355066735416,73.07829944478533,72.68821101315044,0.009643433251739244,236062.6,2,4
2025-04-24,69.99662609383621,71.14538991028463,68.74538991028463,69.94538991028463,343523,72.24649305240801,73.24649305240801,71.24649305240801,72.24649305240801,348037,0.008544428931143573,17,99.34838381859309,50.16623258172331,0.716336800129603,-0.00584325351704329,70.02432297318242,69.92071116828377,0.004876760724695939,-0.022975003709637898,73.18016517702299,72.71916360498179,0.012378898736778802,232142.8,3,4
2025-04-25,69.76229167320257,71.0836011969027,68.6836011969027,69.8836011969027,409258,74.08885442861379,75.08885442861379,73.08885442861379,74.08885442861379,389574,0.07515370169113411,14,116.70280420787749,58.60788458648457,0.5124803622670274,-0.000883385073143228,70.09866281519264,69.93016076191535,0.004840588662094928,0.02550104923251162,73.42148187571638,72.83934565465265,0.014912019259921267,266995.4,4,4
2025-04-28,69.34607413896158,71.0250799393122,68.6250799393122,69.8250799393122,206919,72.24942328742708,73.24942328742708,71.24942328742708,72.24942328742708,235002,0.13846908006970796,16,117.14314679984317,58.10962063977615,0.870387605402543,-0.0008374104452003595,70.08907957621415,69.9484780876223,0.004831267528365439,-0.02482736648275541,73.23012407893982,72.82257140903275,0.016655242388369757,287811.2,0,4
2025-04-29,69.29383376850164,70.98538473233079,68.58538473233078,69.78538473233078,195488,73.2349184886513,74.2349184886513,72.2349184886513,73.2349184886513,235110,-0.03326911050281673,14,109.87323094026951,49.959120965383384,0.6724368027566785,-0.0005684949736673994,69.95919131194998,69.9551307663547,0.004825892270568635,0.013640180867654284,73.15301557752093,72.87314707243812,0.01735919030370082,258032.2,1,4
2025-04-30,69.68245322724154,70.74424604511466,68.34424604511466,69.54424604511466,188780,71.53183742846664,72.53183742846664,70.53183742846664,71.53183742846664,95591,-0.030021311267186067,10,103.3749313881884,47.73224211347192,0.36266465785701696,-0.0034554325112777784,69.79674036478899,69.94523512396731,0.004624122479364456,-0.023255041383688724,72.67030533711338,72.77327024135172,0.018753654386717934,268793.6,2,4
2025-05-01,70.16457915239843,70.86680948831709,68.46680948831708,69.66680948831709,189935,72.10865067595506,73.10865067595506,71.10865067595506,72.10865067595506,393239,0.34495808243859705,13,89.94893611154623,57.31586750104249,0.01969435359863425,0.0017623807888134113,69.74102428039548,69.9463069096566,0.004638971461482992,0.008063727540414956,72.64273686182278,72.75588931811946,0.017975580900148808,238076.0,3,5
2025-05-02,69.71063961744542,70.97550771903968,68.57550771903968,69.77550771903968,145562,73.68532890707488,74.68532890707488,72.68532890707488,73.68532890707488,85277,0.30238017561072156,6,107.18621625391053,54.00209178957607,0.059161646497680076,0.0015602584863718683,69.7194055848229,69.93543999891094,0.004011307700272391,0.021865313195294167,72.562031757515,72.84854938884695,0.01861921152048218,185336.8,4,5
2025-05-05,69.48120599264075,70.64614941327414,68.24614941327414,69.44614941327414,199880,72.28960951947363,73.28960951947363,71.28960951947363,72.28960951947363,88347,0.11935264335902207,17,98.41978771253159,51.577906270986816,0.3517982616417863,-0.004720256670746714,69.64361947961527,69.91125499966958,0.003914801071253874,-0.018941618478237388,72.5700690039243,72.8545778124209,0.01961580368071895,183929.0,0,5
2025-05-06,69.87422816171319,70.78864112856768,68.38864112856767,69.58864112856767,363725,73.09259469164735,74.09259469164735,72.09259469164735,73.09259469164735,231512,0.42977726750573214,4,105.60528275272844,48.39063644905028,0.46210532519868286,0.0020518303246097602,69.60427075886265,69.89233105563846,0.0027212366091986713,0.011107891957244709,72.54160424452351,72.94334182713267,0.01989764150526185,217576.4,1,5
2025-05-07,69.53571304707309,71.22152243357957,68.82152243357956,70.02152243357956,221006,73.16369566681111,74.16369566681111,72.16369566681111,73.16369566681111,81162,-0.09661144055660426,17,93.67156545147883,51.658482893572966,0.16687111950842504,0.0062205741912984,69.69972603655563,69.8907233446225,0.0035961984345498237,0.0009727521025038044,72.8679758921924,72.95586654389676,0.01983209253120179,224021.6,2,5
2025-05-08,70.41605478047383,71.24620852626737,68.84620852626736,70.04620852626736,412367,72.98323363266726,73.98323363266726,71.98323363266726,72.98323363266726,132601,0.40574336215734513,17,98.2706688716007,49.89145770056149,0.1893283064226321,0.000352550070747526,69.77560584414569,69.89571266697115,0.0030618815831463635,-0.0024665516483157734,73.04289248353484,72.96335864538335,0.018294725097655767,268508.0,3,5
2025-05-09,70.3686079641609,71.15893641563103,68.75893641563103,69.95893641563103,427715,73.77724661059064,74.77724661059064,72.77724661059064,73.77724661059064,280870,0.13562886088388762,3,101.64147360076424,46.67830910213502,0.2302113587793363,-0.0012459219773988117,69.81229158346396,69.89001500869995,0.003077559982628496,0.010879388845933091,73.06127602423798,73.01131037815358,0.016643482839577537,324938.6,4,5
2025-05-12,71.21372157424886,71.11190842487366,68.71190842487366,69.91190842487366,404381,72.76991313008251,73.76991313008251,71.76991313008251,72.76991313008251,305640,0.8177565305536474,14,102.46278091493858,50.645211642936175,0.7805133395762727,-0.0006722227804890624,69.90544338578385,69.88658730326235,0.0030723366595467537,-0.013653714753344093,73.15733674635977,72.96841653680552,0.015118819029184168,365838.8,0,5
2025-05-13,69.83845915035519,71.22651124563498,68.82651124563498,70.02651124563498,315811,71.9580683810969,72.9580683810969,70.9580683810969,71.9580683810969,175415,-0.29812048169561944,19,104.93722714460247,51.32712022819804,0.7712878409517714,0.0016392460647025597,69.99301740919732,69.89229123281288,0.0030959165863793815,-0.01115632428383384,72.93043148424968,72.88474272803367,0.014813124728934736,356256.0,1,5
2025-05-14,69.40342432568006,70.83246522651413,68.43246522651413,69.63246522651413,226510,72.1505211713431,73.1505211713431,71.1505211713431,72.1505211713431,334503,-0.1723363130543354,11,94.208050154751,48.123024665398844,0.3829389854137788,-0.005627097682171178,69.91520596778423,69.86262836964889,0.003448542767930344,0.002674513012591806,72.72779658515609,72.83609431481179,0.012736578698700686,357356.8,2,5
2025-05-15,70.03031727562998,70.84583433984311,68.4458343398431,69.6458343398431,471957,72.97654937706412,73.97654937706412,71.97654937706412,72.97654937706412,274468,0.10469945705013692,7,86.56715547889797,54.51912844304759,0.17236438158439582,0.0001919954045213057,69.83513113049938,69.84402105705574,0.003401491389020111,0.011448679681181462,72.72645973403546,72.89806356410402,0.012989568361326236,369274.8,3,5
2025-05-16,69.94699953904538,70.73744745458932,68.33744745458931,69.53744745458931,182103,72.77475291840682,73.77475291840682,71.77475291840682,72.77475291840682,153054,0.09930851324474797,17,116.24785039899794,56.44416196155495,0.11090838506346923,-0.0015562579769654583,69.75083333829103,69.84529833044263,0.003382837855124151,-0.0027652233543494775,72.5259609955987,72.89268766326703,0.01080205305472616,320152.4,4,5
2025-05-19,69.6430918892851,71.11063546597346,68.71063546597345,69.91063546597346,285803,71.9704005158322,72.9704005158322,70.9704005158322,71.9704005158322,307981,0.48753474604375463,10,124.89254169023357,54.849488468277066,0.08712931204717322,0.0053667200198548315,69.750578746511,69.84718029703107,0.00343395052026338,-0.011052629796990732,72.36605847274862,72.83089707549314,0.00958057857174326,296436.8,0,5
2025-05-20,69.64360791677919,71.04518925524421,68.6451892552442,69.84518925524421,281445,72.41058374359929,73.41058374359929,71.41058374359929,72.41058374359929,269496,-0.16709367082488347,3,104.47420711202379,48.618758073930024,0.3912792508993721,-0.0009361409790231701,69.71431434843285,69.8176984571107,0.0034305551867274253,0.006116170322968628,72.4565615452491,72.77040321288581,0.009028432509155481,289563.6,1,5
2025-05-21,70.44632452944069,71.37575911033167,68.97575911033167,70.17575911033167,398235,72.82672630081032,73.82672630081032,71.82672630081032,72.82672630081032,339876,0.22622962967347107,5,86.7600790526989,53.77910752094186,0.0455424333211194,0.004732893684050499,69.82297312519636,69.8086613735813,0.003171270942329016,0.005746985256803949,72.59180257114255,72.7144700964011,0.009261701497286192,323908.6,2,5
2025-05-22,69.49201082467762,71.10580294504496,68.70580294504495,69.90580294504495,318725,72.68652118857642,73.68652118857642,71.68652118857642,72.68652118857642,129422,0.2906157511704989,13,92.26804883157124,50.389806987300204,0.333635037126335,-0.003846857785496649,69.87496684623672,69.80668202531932,0.0034206778212521197,-0.0019251876248670419,72.533796933445,72.73647150320951,0.009250003293792455,293262.2,3,5
2025-05-23,69.79399702955394,71.19926402356144,68.79926402356143,69.99926402356144,419805,72.1737158704005,73.1737158704005,71.1737158704005,72.1737158704005,153873,0.17616195805516188,9,105.09117569050969,43.82127010717024,0.9615332425411374,0.0013369573709061111,69.96733016003114,69.81246516665225,0.0034300395694020656,-0.007055026293602773,72.41358952384375,72.64071457529886,0.008538051763152109,340802.6,4,5
2025-05-26,70.07784172244484,71.23304533876063,68.83304533876063,70.03304533876063,467634,72.65602267388894,73.65602267388894,71.65602267388894,72.65602267388894,177146,-0.24024908548108,5,113.41115611681286,53.36364689248873,0.5075046156100387,0.00048259529111360777,69.99181213458857,69.82286343662467,0.0034219693295456923,0.006682582400973969,72.5507139554551,72.66104454462194,0.007894461718597048,377168.8,0,5
2025-05-27,70.30628648010143,71.00831713769031,68.6083171376903,69.80831713769031,256250,72.37115084653459,73.37115084653459,71.37115084653459,72.37115084653459,189252,0.3519397013135495,16,87.87109365458144,50.73065820478474,0.822644656835189,-0.0032088880325462643,69.98443771107779,69.82401005689266,0.0035336183405267254,-0.003920828815980992,72.54282737604215,72.61785616251612,0.00705877711342225,372129.8,1,5
2025-05-28,69.5055348188429,71.00783412693268,68.60783412693267,69.80783412693268,449929,73.27075408278982,74.27075408278982,72.27075408278982,73.27075408278982,364414,0.30733123282885344,3,98.75667179151098,62.96774001034654,0.12926594589539908,-6.919100437263737e-06,69.91085271439799,69.83718946098355,0.002999989669191781,0.01243041219785046,72.63163293243807,72.70480199523226,0.007990771008453672,382468.6,2,5
2025-05-29,69.10797797715362,71.22917020816897,68.82917020816896,70.02917020816896,167873,73.51464299476311,74.51464299476311,72.51464299476311,73.51464299476311,314413,0.14989612994759435,5,101.95932064443969,57.2863543163928,0.26807878240970484,0.003170648165846668,69.9355261670228,69.85530749697615,0.003137685042884622,0.003328598361328705,72.7972572936754,72.77510161117267,0.007254057964302443,352298.2,3,5
2025-05-30,68.95861709551414,71.11691582927325,68.71691582927325,69.91691582927325,466423,72.82942955441996,73.82942955441996,71.82942955441996,72.82942955441996,254111,0.05108692180223853,9,108.64578451285874,53.55575078467262,0.9465464445440088,-0.0016029660006254831,69.91905652816516,69.86237790248782,0.0031412073625766675,-0.009320774915440477,72.92840003047928,72.73230664353994,0.007877330070700024,361621.8,4,5
2025-06-02,68.87770350529871,70.70741003865179,68.30741003865178,69.50741003865178,171195,72.27218616112934,73.27218616112934,71.27218616112934,72.27218616112934,252945,0.05652700251109282,1,96.5639890559962,51.2458525064409,0.3835518969340236,-0.0058570345354108655,69.8139294681434,69.86544093375672,0.003232299578729967,-0.007651349141410413,72.85163272792735,72.7314354756227,0.007401169126818838,302334.0,0,6
2025-06-03,68.80128601117178,70.65786987027175,68.25786987027175,69.45786987027175,440104,72.54182445749522,73.54182445749522,71.54182445749522,72.54182445749522,363484,-0.01968394805984443,8,84.36185308678076,50.81861127529009,0.6484061284483223,-0.000712732187150733,69.7438400146597,69.8589023708419,0.0032302865865856158,0.0037308722855668996,72.88576745011949,72.70389696391511,0.007234583398605682,339104.8,1,6
2025-06-04,69.13821235514845,70.4155177344584,68.0155177344584,69.2155177344584,256098,71.72557266998506,72.72557266998506,70.72557266998506,71.72557266998506,222974,0.16019628356316046,18,106.21197559452902,44.98155298183446,0.9761267791625894,-0.0034891962029067747,69.62537673616484,69.81860213588585,0.002745949822047318,-0.01125215410026581,72.57673116755853,72.6319908140738,0.007765277725753573,300338.6,2,6
2025-06-05,68.49804453873259,70.2924846155314,67.89248461553139,69.09248461553139,485832,71.40438536623093,72.40438536623093,70.40438536623093,71.40438536623093,152079,0.007783713236244389,18,111.24795965171238,41.305063864000445,0.5507877563307355,-0.0017775366414077842,69.43803961763732,69.77091594034906,0.0026136277574566086,-0.004478002639754952,72.1546796418521,72.55304840075199,0.007822730003307417,363930.4,3,6
2025-06-06,68.67276221208715,70.22413969199775,67.82413969199774,69.02413969199775,151677,71.46000696664231,72.46000696664231,70.46000696664231,71.46000696664231,123807,-0.21213124383816032,17,99.1740853825484,45.63720445459217,0.3053459492287359,-0.0009891802837016517,69.25948439018222,69.72417610416738,0.002465370580411651,0.0007789661674995063,71.88079512429657,72.43718641855456,0.007622190187115105,300981.2,4,6
2025-06-09,68.21634446331304,69.80338740580406,67.40338740580405,68.60338740580406,286199,71.22249950742118,72.22249950742118,70.22249950742118,71.22249950742118,185607,-0.262147911206898,7,104.05240091306432,49.761414909147845,0.5319484559520623,-0.006095726626527909,69.07867986361266,69.65875005321391,0.0027667125658145204,-0.0033236417025820364,71.67085779355493,72.35981573742151,0.007148441072263859,323982.0,0,6
2025-06-10,67.98023626590667,69.40049019633067,67.00049019633066,68.20049019633066,460752,70.5024059164553,71.5024059164553,69.5024059164553,70.5024059164553,289053,-0.18800906341307302,2,95.2550877057293,39.47230360895508,0.05463719933085931,-0.005872847168466588,68.82720392882445,69.56744900074868,0.0030077069742146393,-0.010110479075377654,71.26297408534695,72.28703261418943,0.007590635552000563,328111.6,1,6
2025-06-11,68.91039681333959,69.44914464757802,67.04914464757802,68.24914464757802,118989,71.34638038301574,72.34638038301574,70.34638038301574,71.34638038301574,230704,0.05553306063736294,16,91.54227205274105,47.27839103863626,0.11236987409269117,0.0007134032483826491,68.63392931144838,69.49828297180188,0.0030771711680656977,0.011970860505959857,71.1871356279531,72.24682557477306,0.007490345432692682,300689.8,2,6
2025-06-12,68.4102096340941,69.27923583937884,66.87923583937884,68.07923583937884,206005,71.51706524364906,72.51706524364906,70.51706524364906,71.51706524364906,214970,-0.0067389591088018305,8,110.26425680547219,48.76193483437787,0.0071711050522699216,-0.0024895375477091974,68.43127955621787,69.41995304677867,0.002419277121560457,0.002392340854812991,71.2096716034367,72.1738513681023,0.0074130047320431144,244724.4,3,6
2025-06-13,67.47481276252171,68.66674805488371,66.2667480548837,67.46674805488371,133424,69.51448907440476,70.51448907440476,68.51448907440476,69.51448907440476,233625,0.053835948322187306,15,103.8749584781446,48.92286723257271,0.8842100415650043,-0.008996690061859547,68.11980122879505,69.3164180767934,0.0030535795324367395,-0.02800137509029188,70.82056802498921,72.0108381759022,0.010827014772489771,241073.8,4,6
2025-06-16,67.34578567218816,68.77629881247857,66.37629881247857,67.57629881247857,228509,70.59137603920819,71.59137603920819,69.59137603920819,70.59137603920819,391959,0.12520328338652775,3,104.90368599401883,46.691382009059275,0.6712804288995956,0.0016237740924720523,67.91438351012997,69.19970124411864,0.0033311454725605343,0.015491546857961946,70.69434333134662,71.941886952071,0.012452393894679972,229535.8,0,6
2025-06-17,67.3570958656821,68.77371219399362,66.37371219399361,67.57371219399361,256110,70.44175071683381,71.44175071683381,69.44175071683381,70.44175071683381,399247,-0.15683023147921973,13,115.02115147994613,48.292430928093,0.2983297651327481,-3.827700732961237e-05,67.78902790966255,69.08612739105612,0.003384693427555923,-0.0021195977578234437,70.6822122914223,71.84344530073272,0.012274771414036042,188607.4,1,6
2025-06-18,67.52055737891001,68.55668414393404,66.15668414393403,67.35668414393403,347556,70.56158935525612,71.56158935525612,69.56158935525612,70.56158935525612,131613,0.36641504208633696,12,89.45157665681427,58.61946914061931,0.2211614192073046,-0.0032117230652731754,67.61053580893375,68.94517364273625,0.003379012521384981,0.00170124446372788,70.52525408587039,71.73018845345501,0.011971082192788801,234320.8,2,6
2025-06-19,67.30012069093138,68.20803615425524,65.80803615425523,67.00803615425524,203074,70.00027289339309,71.00027289339309,69.00027289339309,70.00027289339309,116622,-0.0669277067618686,18,94.47973731840578,53.31072640745302,0.6830766011577799,-0.00517614538348965,67.39629587190902,68.80028530319676,0.003444698329155685,-0.00795498609076073,70.2218956158192,71.59587603869585,0.012114569748254539,233734.6,3,6
2025-06-20,66.66919937534875,68.32300812839905,65.92300812839905,67.12300812839905,163473,69.25084856044008,70.25084856044008,68.25084856044008,69.25084856044008,158178,-0.10835674619537725,2,101.57933348834696,47.19849611550925,0.9195320647852825,0.0017157938173137932,67.32754788661211,68.65647250843864,0.003719998046599835,-0.010706020162154939,70.16916751302627,71.44973267319783,0.012372198177930754,239744.4,4,6
2025-06-23,67.14982821707568,68.33158783926856,65.93158783926856,67.13158783926856,167976,69.37415425995427,70.37415425995427,68.37415425995427,69.37415425995427,352628,0.1205965593331131,8,94.35686762238758,49.658261058190185,0.2991390910521107,0.0001278207146662158,67.2386056919701,68.51139963346404,0.0036235098840472504,0.0017805659003091723,69.92572315717547,71.2856392525011,0.012465326253565185,227637.8,0,6
2025-06-24,66.56225565806285,68.77806544239436,66.37806544239436,67.57806544239436,475361,70.59571958774535,71.59571958774535,69.59571958774535,70.59571958774535,227044,-0.4591275505937682,19,107.8313653527245,49.858433321738666,0.3215591093867818,0.0066507827015025445,67.23947634165025,68.39988704869924,0.004299095950886442,0.017608363529935334,69.95651693135778,71.19686768956164,0.013626503891297567,271488.0,1,6
2025-06-25,67.70526777563113,68.79941088354583,66.39941088354583,67.59941088354583,481281,71.21667943539313,72.21667943539313,70.21667943539313,71.21667943539313,356378,-0.19763361243072983,8,98.12600779096016,46.160222831299244,0.8542407251937729,0.0003158634537956395,67.28802168957262,68.28946588652988,0.004284248409889692,0.008795998557334261,70.08753494738518,71.0941639571918,0.013356513177377322,298233.0,2,6
2025-06-26,67.99359755837347,68.81252293739412,66.41252293739412,67.61252293739412,188561,69.28401051476831,70.28401051476831,68.28401051476831,69.28401051476831,286960,0.24526819967295824,13,90.0746719250281,46.15434891128073,0.8933758158837523,0.0001939669839856606,67.40891904620038,68.16863352299114,0.004260931027886808,-0.027137869049035257,69.94428247166022,70.88263233319206,0.015787227167185124,295330.4,3,6
2025-06-27,67.3646187163728,68.70465302981324,66.30465302981324,67.50465302981324,178167,70.7120889776942,71.7120889776942,69.7120889776942,70.7120889776942,257023,-0.43435548226552767,4,100.65771675187662,55.052620101633565,0.9140365668297785,-0.001595413140857982,67.48524802648322,68.04802038301816,0.0031549768318188984,0.02061194859124793,70.23653055511105,70.77676530435576,0.014698940428749667,298269.2,4,6
2025-06-30,68.51638045249301,68.80811695442296,66.40811695442295,67.60811695442295,121678,71.32189015759553,72.32189015759553,70.32189015759553,71.32189015759553,170084,0.27939354923328896,14,101.70338770806788,47.90107811241592,0.2931542080066948,0.0015326932287766937,67.5805538495141,67.9530557288067,0.0031500905280658215,0.008623718924407608,70.62607773463931,70.72925050417908,0.01413826728688113,289009.6,0,6
2025-07-01,67.22844631142105,68.86906553513909,66.46906553513908,67.66906553513908,483751,70.57725000941535,71.57725000941535,69.57725000941535,70.57725000941535,190091,0.3777841415897837,6,109.3468206289633,44.52651806484565,0.1203125675963489,0.0009014979777830501,67.59875386806304,67.86361551205007,0.003161112389779193,-0.010440555438656962,70.6223838189733,70.63102178177509,0.014587851242277015,290687.6,1,7
2025-07-02,67.9730149380245,69.06429473037288,66.66429473037287,67.86429473037288,382460,71.19441622798874,72.19441622798874,70.19441622798874,71.19441622798874,127269,-0.09236383445593709,11,103.93140903147425,49.78429827965279,0.43999757199854206,0.00288505824175167,67.65173063742846,67.79605436184579,0.003026745132673941,0.008744548965722743,70.61793117749242,70.60446395967527,0.014831649296475909,270923.4,2,7
2025-07-03,67.65759672246321,68.87550909579619,66.47550909579618,67.67550909579619,404335,70.2536676472575,71.2536676472575,69.2536676472575,70.2536676472575,246152,0.07295319185657752,17,104.61146391359836,50.59004876564562,0.29576486514118105,-0.002781810896683501,67.66432786910886,67.72520558585904,0.0025648698933232075,-0.013213797241045433,70.81186260399025,70.5469280737266,0.015270876431373658,314078.2,3,7
2025-07-04,67.4541335043806,68.7042823381023,66.3042823381023,67.5042823381023,216229,70.43266261853617,71.43266261853617,69.43266261853617,70.43266261853617,169719,0.27977177121275665,13,103.20291684007225,40.136478879030825,0.8838666668118358,-0.002530114069057232,67.66425373076667,67.64921271816426,0.0027750465142889736,0.002547838102594069,70.75597733215866,70.4955608563213,0.014760052112125322,321690.6,4,7
2025-07-07,67.26549547764932,68.5226565616517,66.1226565616517,67.3226565616517,356378,69.35010845066681,70.35010845066681,68.35010845066681,69.35010845066681,173589,-0.11669729701087993,10,98.11777478708069,49.796268210914036,0.036634941803544874,-0.002690581547714399,67.60716165221243,67.58517617595665,0.0029617876239774127,-0.01537005882813891,70.36162099077292,70.40194130348358,0.015726328223658246,368630.6,0,7
2025-07-08,67.46796059471718,68.61440807971245,66.21440807971244,67.41440807971244,123923,69.00780209466112,70.00780209466112,68.00780209466112,69.00780209466112,92654,0.21694388013154536,4,92.83780884888735,54.3398996717413,0.6338804696362723,0.0013628624113595222,67.5562301611271,67.54587207012574,0.0020228100250916053,-0.00493591666477633,70.04773140782206,70.32721111239387,0.014502158374315746,296665.0,1,7
2025-07-09,68.08209155583943,68.85811218410758,66.45811218410758,67.65811218410758,370407,71.22377166484274,72.22377166484274,70.22377166484274,71.22377166484274,335714,-0.1677871987826679,7,102.88838351659376,52.256146927609166,0.9061813657481139,0.0036150151182365864,67.51499365187405,67.51632044695222,0.0023639304565804026,0.03211187000481308,70.05360249519286,70.32108067648521,0.01793131842746628,294254.4,2,7
2025-07-10,68.1670823372972,68.67821421915983,66.27821421915982,67.47821421915982,331862,69.88721726252516,70.88721726252516,68.88721726252516,69.88721726252516,380563,-0.11940057333329483,17,96.6687523411636,61.14897557597486,0.976670366806066,-0.0026589267589706145,67.47553467654677,67.48626936594125,0.0025170860391965227,-0.018765566201787265,69.9803124182464,70.23958827742902,0.01666627018226431,279759.8,3,7
2025-07-11,67.30374580343187,68.50487092568395,66.10487092568394,67.30487092568394,232589,70.03155421868189,71.03155421868189,69.03155421868189,70.03155421868189,239449,-0.19983411608124343,5,116.89822620441015,56.2555474115609,0.6501305992980432,-0.002568877903509459,67.4356523940631,67.47817550948128,0.0025948449498565075,0.0020652840649606485,69.90009073827554,70.26544153464287,0.015208442800072448,283031.8,4,7
2025-07-14,67.69801401477874,68.49035597869292,66.09035597869291,67.29035597869292,384187,69.45849062673079,70.45849062673079,68.45849062673079,69.45849062673079,251530,0.08566179979870085,13,113.42182294773218,57.24467012375427,0.9499229570223799,-0.0002156596809620437,67.42919227747134,67.46387836779199,0.002515839187879544,-0.00818293408370796,69.92176717348833,70.20879726401901,0.014970337253456506,288593.6,0,7
2025-07-15,66.80330960290742,68.35419307604081,65.95419307604081,67.15419307604081,358570,69.30821125419048,70.30821125419048,68.30821125419048,69.30821125419048,376269,0.2894922631413874,10,106.32839132351609,64.00042967957164,0.07565946262506729,-0.0020235128893539844,67.37714927673701,67.44290241189435,0.0025089317988728245,-0.002163585346936392,69.98184900539421,70.15212029088684,0.01471180969945361,335523.0,1,7
2025-07-16,67.65905420622175,68.47607647985863,66.07607647985863,67.27607647985863,275599,70.17177385980186,71.17177385980186,69.17177385980186,70.17177385980186,243674,-0.04602823302929107,7,103.78466939292986,53.79078130887299,0.35927834599623976,0.0018149783093932559,67.30074213588723,67.43887202869058,0.002354211454987967,0.012459744523549032,69.77144944438604,70.13262951611412,0.015048389370505375,316561.4,2,7
2025-07-17,66.32429623265222,67.90529199456572,65.50529199456571,66.70529199456571,174676,69.26754567808432,70.26754567808432,68.26754567808432,69.26754567808432,279261,-0.3178122899781008,14,99.12040949018822,50.815351039663504,0.008714697326733689,-0.0084842118500148,67.14615769096841,67.4237348207061,0.0033495758124628254,-0.012885924524640435,69.64751512749788,70.0959931553487,0.015019986151622894,285124.2,3,7
2025-07-18,66.98705435428651,67.64172438624244,65.24172438624244,66.44172438624244,109426,69.66850698503926,70.66850698503926,68.66850698503926,69.66850698503926,216990,-0.2706767055717039,7,87.38876268652865,54.86870146715666,0.9811837721908184,-0.003951224864509162,66.97352838308011,67.38967063359827,0.0034302385667070883,0.005788588335703171,69.57490568076935,70.11687607657865,0.015146943686916528,260491.6,4,7
2025-07-21,67.29248682418876,67.38716638549214,64.98716638549213,66.18716638549213,475082,69.4586894368799,70.4586894368799,68.4586894368799,69.4586894368799,244582,0.0986498553426351,6,97.83827776678035,47.20381783302503,0.9027264787666992,-0.0038312973226055647,66.75289046443996,67.34244956090944,0.0034897249616535407,-0.0030116555849893922,69.57494544279916,70.12110283542492,0.014324974188566304,278670.6,0,7
2025-07-22,65.53885696396476,66.79989890795046,64.39989890795046,65.59989890795046,212543,68.79240869574522,69.79240869574522,67.79240869574522,68.79240869574522,246996,0.46102910334856734,11,101.01400033405257,50.53843159747485,0.028052556248201355,-0.008872830030541956,66.44203163082189,67.24354123418726,0.003962548624520516,-0.009592474988174837,69.47178493111011,70.03093729082492,0.014585523580560759,249465.2,1,7
2025-07-23,64.20893867568562,66.50521042108932,64.10521042108931,65.30521042108931,220717,68.44837089564638,69.44837089564638,67.44837089564638,68.44837089564638,307542,0.09843124982859938,15,102.29456474444662,46.76136178460843,0.018132650459765975,-0.004492209466277597,66.047858419068,67.12883121106444,0.003296290028118908,-0.0050011012351733886,69.12710433827901,69.89252186383759,0.0091565557572432,238488.8,2,7
2025-07-24,64.74652838187477,66.22056484849718,63.82056484849717,65.02056484849717,372426,68.9672257714563,69.9672257714563,67.9672257714563,68.9672257714563,273339,-0.09672413766281317,17,104.69536367015826,51.98992278781441,0.36696949410636615,-0.004358696201371082,65.71091298985431,66.99923330661957,0.0032902940656946125,0.007580237031513004,69.06704035695341,69.87668262667198,0.00814800145835447,278038.8,3,7
2025-07-25,65.50570563729951,66.08976807015486,63.689768070154855,64.88976807015486,202074,67.24921180872792,68.24921180872792,66.24921180872792,67.24921180872792,241258,0.19154599171257103,12,109.21330197877685,46.7404545599009,0.2585379667909018,-0.0020116216868782955,65.40052172663678,66.86848905863667,0.0033161659882548497,-0.024910585332539426,68.58318132169114,69.70353876822368,0.010909614979125843,296568.4,4,7
2025-07-28,65.31900573996622,66.2424673464536,63.84246734645359,65.04246734645359,250301,68.00950642673185,69.00950642673185,67.00950642673185,68.00950642673185,104269,-0.05987465889668659,13,93.07845928307133,46.56535750069141,0.8469322772425022,0.0023532103880175015,65.17158191882908,66.7402065782382,0.0036896050894847958,0.011305628684041391,68.29334471966153,69.53791958168048,0.011783459189935463,251612.2,0,7
2025-07-29,65.02598981302991,66.1015330136924,63.7015330136924,64.9015330136924,384465,68.58114690600415,69.58114690600415,67.58114690600415,68.58114690600415,369442,-0.0945713043410516,15,93.16924392790989,52.06736646552752,0.1604844032718623,-0.002166804835531444,65.03190873997747,66.60182995216587,0.0036840008139658272,0.008405302571753648,68.25109236171332,69.43811442650993,0.012236711278477242,285996.6,1,7
2025-07-30,65.09495377579339,65.79061959781596,63.390619597815956,64.59061959781596,338150,68.34934348341878,69.34934348341878,67.34934348341878,68.34934348341878,364249,-0.2396147764238159,6,114.50856679743158,49.31144279609716,0.7906494627008573,-0.004790540399266852,64.88899057532281,66.43814619553802,0.0032062463222179986,-0.0033799875482263264,68.2312868792678,69.29586078928142,0.011291492607510919,309483.2,2,7
2025-07-31,64.73207364627855,65.68984692665434,63.289846926654334,64.48984692665434,362579,66.6367887370476,67.6367887370476,65.6367887370476,66.6367887370476,139022,0.35211221106158896,5,107.70981589193148,40.36239432141626,0.5544596999906632,-0.0015601750190522568,64.78284699095423,66.27886308708092,0.002875374513378518,-0.025055906305620046,67.76519947238606,69.11501684377093,0.013046337435816638,307513.8,3,7
2025-08-01,65.23669138172325,65.82782878799769,63.42782878799768,64.62782878799769,101868,67.44041552300416,68.44041552300416,66.44041552300416,67.44041552300416,173859,-0.6348019793739159,10,96.09229057866679,42.722215393439555,0.3773917714049878,0.0021395904614298633,64.73045913452279,66.1350404095757,0.0033449177491463467,0.012059806620149827,67.8034402152413,68.96540448899432,0.013692501215651218,287472.6,4,8
2025-08-04,64.78796850138471,65.52825666306123,63.12825666306122,64.32825666306123,280519,68.14312932058158,69.14312932058158,67.14312932058158,68.14312932058158,391471,0.19946480006981732,12,98.92788831047763,44.26366754269268,0.14571976173337875,-0.004635342553734323,64.58761699784432,65.98532041464617,0.0033830006852045946,0.010419772656022896,67.83016479401125,68.90505553249008,0.014351582088825237,293516.2,0,8
2025-08-05,64.80357614685364,65.24272592048517,62.842725920485165,64.04272592048517,290107,67.34757338360461,68.34757338360461,66.34757338360461,67.34757338360461,182739,-0.11593623444938422,13,98.97286053325101,45.58514046943013,0.997691305959671,-0.004438651960857798,64.41585557920288,65.8167363066848,0.0027323704977841715,-0.011674778439279554,67.58345008953134,68.82204409693725,0.014491360069692774,274644.6,1,8
2025-08-06,64.25388629604177,65.27448825408865,62.87448825408865,64.07448825408865,352978,67.19164607297651,68.19164607297651,66.19164607297651,67.19164607297651,339900,-0.10258518286290318,3,100.31574122281383,52.07211664739319,0.6179861209215367,0.0004959553664676264,64.31262931045741,65.63755511018385,0.0027623461856646366,-0.0023152624926804366,67.35191060744289,68.62043781734394,0.014454919256240678,277610.2,2,8
2025-08-07,64.3903881299337,65.13775842918672,62.73775842918672,63.93775842918672,160583,66.80714761312592,67.80714761312592,65.80714761312592,66.80714761312592,331439,0.4230787890294531,15,104.72683092238613,51.094694235358176,0.43938223256799425,-0.0021339198896090927,64.20221161096389,65.4605323206852,0.002628425739363279,-0.005722414650074059,67.38598238265857,68.46643433487398,0.01410814550918159,237211.0,3,8
2025-08-08,63.83522366820466,65.18878720474756,62.78878720474755,63.98878720474755,163797,66.75850664932291,67.75850664932291,65.75850664932291,66.75850664932291,355434,-0.17853277305001283,7,125.34992746099832,55.326396858496,0.37112755655273166,0.0007981007907456039,64.07440329431387,65.29472813463839,0.002736382463804819,-0.0007280802360353222,67.2496006079223,68.30278195640602,0.011842327927134508,249596.8,4,8
2025-08-11,63.59637514441271,65.09710555019221,62.69710555019221,63.897105550192215,404972,67.0700369880464,68.0700369880464,66.0700369880464,67.0700369880464,85120,-0.17001728850710254,17,101.89756561162652,53.764009114708855,0.9057282306308553,-0.0014327768748293446,63.988173071740064,65.12506561321335,0.0024017985365420882,0.004666526475194166,67.03498214141527,68.18335927447181,0.011268640547438548,274487.4,0,8
2025-08-12,64.81345255839648,65.160068738187,62.760068738186995,63.960068738187,369331,66.80864426319631,67.80864426319631,65.80864426319631,66.80864426319631,234530,-0.03259855972988259,14,106.62598150425251,55.35951478091329,0.821191808190761,0.0009853840397406888,63.97164163528042,64.96535939632066,0.0025467685450720513,-0.00389730998503357,66.92719631733361,68.05838092492209,0.010746877113933186,290332.2,1,8
2025-08-13,63.756179580647675,64.84807724248633,62.44807724248633,63.64807724248633,424472,66.62253006985965,67.62253006985965,65.62253006985965,66.62253006985965,260963,0.10346184645305956,19,83.13523293809857,53.041980957295614,0.8111857883682237,-0.004877910575389888,63.886359432959964,64.78395943445204,0.00255959204425301,-0.0027857801245517733,66.81337311671024,67.88091873542498,0.010743498717370932,304631.0,2,8
2025-08-14,63.95971781444955,64.75727753151835,62.357277531518356,63.55727753151836,208244,66.6044367551874,67.6044367551874,65.6044367551874,66.6044367551874,347904,-0.11046394557321736,13,95.15100007221164,51.04839654545745,0.6161984729623928,-0.0014265900071426252,63.8102632534263,64.62655871129968,0.0025593943692131652,-0.0002715795190197934,66.77283094512254,67.74776328928013,0.007255199177350044,314163.2,3,8
2025-08-15,63.48571781443595,64.62384780723025,62.22384780723025,63.42384780723025,499041,66.01700489013416,67.01700489013416,65.01700489013416,66.01700489013416,151829,-0.39346473263397136,11,112.28815002716605,55.496758711438275,0.8879565826958018,-0.0020993618586311324,63.697275373922835,64.47566488234908,0.002227902752748512,-0.00881971072306198,66.62453059328479,67.56518818453489,0.006337314158748349,381212.0,4,8
2025-08-18,62.78034902202379,64.27360684748378,61.87360684748377,63.073606847483774,209134,66.39288447181264,67.39288447181264,65.39288447181264,66.39288447181264,178167,-0.21642454522044136,4,104.02315391356616,54.597063958700495,0.2992783721220704,-0.005522228181598199,63.532575633381136,64.31998690544864,0.0023634579438475867,0.005693678201609043,66.48910009003802,67.41189793628152,0.00540673963306791,342044.4,0,8
2025-08-19,62.65413395962741,63.84864251333621,61.4486425133362,62.648642513336206,360384,67.39718930238546,68.39718930238546,66.39718930238546,67.39718930238546,137568,0.32033346411612984,8,56.108854151351636,51.880476837769955,0.7037061351632893,-0.006737593668539654,63.27029038841099,64.17242408571794,0.002716261010381181,0.015126693749828002,66.60680909787587,67.34213696661354,0.006850538408602189,340255.0,1,8
2025-08-20,63.42790672533971,63.90990971645586,61.50990971645585,62.709909716455854,164871,64.64371773286021,65.64371773286021,63.64371773286021,64.64371773286021,323823,0.01869419728387786,17,106.74023202316197,56.35535935430071,0.4044477423918925,0.0009779494121777699,63.08265688320489,64.04265905048626,0.0027730026034412554,-0.04085439760954235,66.21104663047598,67.15190430847423,0.014700193597142544,288334.8,2,8
2025-08-21,62.82531084883484,63.74769081169513,61.347690811695124,62.54769081169513,467401,65.74209832620912,66.74209832620912,64.74209832620912,65.74209832620912,399639,0.11277182092595552,8,119.18164394628769,38.271058787483014,0.5999988085596921,-0.002586814516145952,62.880739539240246,63.91901534864617,0.0027764633921155044,0.01699129678599176,66.03857894468032,66.99064793621187,0.016055461387955015,340166.2,3,8
2025-08-22,61.38521257051474,63.44094915037997,61.040949150379966,62.24094915037997,232950,64.78483509720863,65.78483509720863,63.78483509720863,64.78483509720863,124944,-0.0653553017932594,2,80.04092413880207,48.54768412929775,0.9981530006126929,-0.0049041244742132895,62.64415980787019,63.786574402657415,0.0026778934460732116,-0.01456088645437803,65.79214498609521,66.8674291006359,0.016570363409714114,286948.0,4,8
2025-08-25,62.02714965334675,63.33477188163483,60.93477188163482,62.134771881634826,420991,65.48121342814639,66.48121342814639,64.48121342814639,65.48121342814639,154596,-0.1648744240433174,5,115.19387675645513,48.471047671741346,0.9845247806753183,-0.0017059069663062365,62.45639281470039,63.64118962941647,0.0026641829267246364,0.010749094751771215,65.60981077736196,66.74101445070663,0.016984264583805704,329319.4,0,8
2025-08-26,63.184736907311574,63.493590010959224,61.09359001095922,62.29359001095922,232500,65.32152449495594,66.32152449495594,64.32152449495594,65.32152449495594,178256,0.41939236246885275,12,72.28044369374072,55.76341438740785,0.5126190164674482,0.0025560265937234483,62.385382314225,63.510792479279814,0.0029431604201230156,-0.002438698442350673,65.19467781587605,66.57803333015423,0.016974929279847378,303742.6,1,8
2025-08-27,61.60982882765913,62.91672725858411,60.516727258584105,61.71672725858411,416339,65.1738401230096,66.1738401230096,64.1738401230096,65.1738401230096,364489,-0.047047964262770164,12,109.37998945053414,57.85697498475385,0.5738634521648246,-0.009260387020135208,62.18674582265065,63.367097862318225,0.003573432597534336,-0.0022608837299524787,65.30070229390594,66.41925816213376,0.01697344308334482,354036.2,2,8
2025-08-28,60.40964273409133,62.50988207995842,60.10988207995842,61.30988207995842,281671,65.01518602586368,66.01518602586368,64.01518602586368,65.01518602586368,222634,-0.11084246988178172,19,99.9135137398776,42.749103148948684,0.897321769137301,-0.006592137929172237,61.939184076303306,63.20809961998343,0.0036810600183311087,-0.0024343217592590616,65.15531983383684,66.33817802657457,0.01696183369223655,316890.2,3,8
2025-08-29,61.97418525382269,62.22766081111142,59.827660811111414,61.02766081111142,124996,64.14311348177233,65.14311348177233,63.14311348177233,64.14311348177233,170219,0.2740355915888349,18,76.50028784755384,57.05583587074638,0.985635712513855,-0.00460319379637586,61.6965264084496,63.02809122113912,0.0036536465508749468,-0.013413366897764956,65.0269755107496,66.17331292451297,0.017218854717922488,295299.4,4,8
2025-09-01,61.602328253663856,62.461131998757466,60.06113199875746,61.26113199875746,176167,64.94036337180597,65.94036337180597,63.94036337180597,64.94036337180597,183142,-0.1805900897168463,11,104.46137827239787,44.14277406986866,0.7786078026260798,0.0038256617498197976,61.52179843187412,62.87473498792393,0.004311431944291831,0.012429235918836268,64.91880549948151,66.01317462707419,0.01771015104386989,246334.6,0,9
2025-09-02,61.205795822924344,62.44080225233075,60.04080225233074,61.240802252330745,373375,62.83422351605755,63.83422351605755,61.83422351605755,62.83422351605755,271398,-0.14868183594349918,11,111.50839749152058,44.29392377219589,0.0651844579586307,-0.0003318539139487431,61.31124088014843,62.734638804516216,0.004151305137344063,-0.03243190746701008,64.42134530370183,65.78750713369683,0.01892412722142607,274509.6,1,9
2025-09-03,61.140280466659206,62.52598933470024,60.125989334700236,61.32598933470024,177203,65.28026071344985,66.28026071344985,64.28026071344985,65.28026071344985,203845,0.0025616710042245007,16,103.63887003821573,48.828571488363174,0.32263973434386395,0.001391018393562149,61.23309329537166,62.597213858546795,0.004189014902058169,0.038928422450660305,64.44262942178986,65.6919378657205,0.019780876561771084,226682.4,2,9
2025-09-04,61.541191970502204,62.20001600560634,59.80001600560633,61.000016005606334,210127,64.22505329674175,65.22505329674175,63.22505329674175,64.22505329674175,124931,6.752602204492543e-05,1,105.84827637059612,48.40896763933708,0.8965623399203079,-0.005315419003105393,61.17112008050124,62.450326737367774,0.004302799591230896,-0.016164264743671497,64.28460287596549,65.56283314990131,0.019609635267078637,212373.6,3,9
2025-09-05,60.40840021257883,61.87939191269193,59.47939191269192,60.679391912691926,316695,64.32609792613904,65.32609792613904,63.32609792613904,64.32609792613904,342433,0.0649028369758036,12,95.88323887660938,42.20791360141562,0.7683525058504805,-0.005256131291587529,61.10146630081734,62.284856972764985,0.004326083872393905,0.0015732899267584255,64.32119976483884,65.4412127137421,0.019133904292291296,250713.4,4,9
2025-09-08,61.27237668473664,61.89824847247865,59.49824847247864,60.698248472478646,201219,62.966323025573736,63.966323025573736,61.966323025573736,62.966323025573736,215114,0.522917272348872,10,81.38610244778978,53.24938986746284,0.7422330710244271,0.0003107572306237927,60.98888959556158,62.12491411887932,0.004414823484498743,-0.021138774842625052,63.926391695592386,65.23602701561848,0.01969132506415372,255723.8,0,9
2025-09-09,60.905033761960624,61.833936119098496,59.43393611909849,60.63393611909849,151550,63.13547419013529,64.13547419013528,62.13547419013529,63.13547419013529,162136,0.08406206158809261,15,106.91864022337064,53.39701212363301,0.6679232304681411,-0.0010595421614070233,60.86751636891513,61.95860748792488,0.004107813319595329,0.002686375135687369,63.98664183040794,65.05236851196543,0.019795237556799326,211358.8,1,9
2025-09-10,60.79891462557055,61.87657366282688,59.47657366282687,60.676573662826875,349719,63.76413663931374,64.76413663931373,62.76413663931374,63.76413663931374,313098,-0.5945134906877001,16,117.49753919446296,55.270207980818356,0.4152638496323835,0.0007031960393373282,60.73763323454045,61.81003230894191,0.0035002569242482393,0.009957356893926406,63.68341701558071,64.90944884043812,0.020233418927589036,245862.0,2,9
2025-09-11,60.633951133045095,61.7611937303773,59.361193730377295,60.5611937303773,375558,63.55097099677482,64.55097099677482,62.55097099677482,63.55097099677482,318489,0.08157473585789023,13,111.29580854227459,47.83272335111067,0.4032413203447017,-0.0019015564901658788,60.649868779494646,61.66022811888486,0.00305697317977422,-0.00334303346322562,63.54860055558733,64.7567755525175,0.020237622432435518,278948.2,3,9
2025-09-12,60.46002975924706,61.74751377760415,59.34751377760414,60.547513777604145,393219,63.71735493041014,64.71735493041014,62.71735493041014,63.71735493041014,129611,0.009469998622399707,13,80.12124170398654,49.80208642513776,0.808932487590801,-0.0002258864452714393,60.62349315247709,61.516411417403546,0.002823795557783301,0.002618117882789761,63.426851956441546,64.64179305453129,0.019872797098784676,294253.0,4,9
2025-09-15,61.0318489857801,61.70902892567547,59.30902892567546,60.509028925675466,477578,64.15973802223344,65.15973802223344,63.15973802223344,64.15973802223344,103587,0.010862506087864415,14,84.85105592789066,49.847864175486784,0.2937802917650709,-0.0006356140744281369,60.58564924311645,61.38818252131314,0.002322104017427197,0.006942897932697534,63.66553495577348,64.53013573205233,0.019549652353374337,349524.8,0,9
2025-09-16,60.172872984242595,61.80554440029351,59.40554440029351,60.60554440029351,149797,62.5464122111118,63.5464122111118,61.5464122111118,62.5464122111118,94532,0.06148682734904268,12,91.54032258202659,58.439977207342324,0.6848318727009735,0.0015950590569979717,60.579970899355466,61.28602761566101,0.0024797088043886557,-0.02514545509151811,63.54772255996879,64.28759687748865,0.018348389372142376,349174.2,1,9
2025-09-17,59.898604935637415,61.90956749905252,59.509567499052515,60.70956749905252,270718,64.2938589420829,65.2938589420829,63.293858942082906,64.2938589420829,325036,-0.007169571918699844,5,84.07024548719856,35.82877608683391,0.7262085234239566,0.0017163957487444925,60.58656966660059,61.18601050479083,0.0025169977512280975,0.02793840076826437,63.65366702052262,64.27010393794978,0.015903331746089537,333374.0,2,9
2025-09-18,60.597830820875934,61.4906107594297,59.090610759429694,60.2906107594297,193598,63.29557990540445,64.29557990540445,62.29557990540445,63.29557990540445,280237,-0.013153023263847251,6,100.4418991955604,45.215278255054486,0.8445559893615288,-0.006901000235743027,60.532453072411066,61.07315650217756,0.002846894134761827,-0.015526817850173291,63.60258880224855,64.14777801690954,0.015838757155431985,296982.0,3,9
2025-09-19,60.05301593244975,60.937396768416185,58.53739676841618,59.73739676841618,460442,62.61512765174145,63.61512765174145,61.61512765174145,62.61512765174145,333447,0.15326105244269653,15,103.93415805180523,50.02770421395899,0.3198855907070157,-0.009175790127934458,60.37042967057347,60.94797888307939,0.003633775171589353,-0.010750391333485543,63.38214334651481,64.03929264463619,0.016064398766578055,310426.6,4,9
2025-09-22,60.127384255349746,61.087263679093866,58.68726367909386,59.88726367909386,315916,62.00459453846293,63.00459453846293,61.00459453846293,62.00459453846293,280450,-0.13552019929862524,12,85.69746716757632,44.57214882542249,0.7418892668382021,0.002508761994746145,60.24607662125716,60.835603472952336,0.0038209863366424654,-0.009750568850937058,62.95111464976071,63.86546170015201,0.014968544388060119,278094.2,0,9
2025-09-23,60.282493119817126,61.27862893500811,58.8786289350081,60.078628935008105,139326,63.38045813603422,64.38045813603422,62.38045813603422,63.38045813603422,208543,-0.2369215839097939,5,107.77128459275528,48.708398213644415,0.10648989757868688,0.0031954249394274825,60.140693528200075,60.72485541915478,0.004083298419822573,0.022189703969724528,63.11792383474519,63.76840838220594,0.016732234314707953,276000.0,1,9
2025-09-24,59.634079728369834,60.994349917538614,58.59434991753861,59.79434991753861,376859,61.34588520691999,62.34588520691999,60.34588520691999,61.34588520691999,268658,0.7559453631555978,17,106.01103944020014,49.369622318150455,0.13806172895190472,-0.0047317827072422824,59.95765001189729,60.628736552102495,0.004204320776570316,-0.032100950181638055,62.528329087712606,63.57701063640146,0.01919865304890919,297228.2,2,9
2025-09-25,59.72393281258616,60.530191460393404,58.1301914603934,59.3301914603934,117183,62.71922786713663,63.71922786713663,61.71922786713663,62.71922786713663,311192,-0.17896436094530835,19,94.51840875156297,46.71156945603766,0.41733604017340153,-0.007762580541227138,59.76556615209004,60.52975202112425,0.004657500503503063,0.022386874940093504,62.413058680059045,63.462212728465104,0.020899546233435005,281945.2,3,9
2025-09-26,59.2677911752864,60.49057023866367,58.090570238663666,59.29057023866367,209669,61.395306737379876,62.395306737379876,60.395306737379876,61.395306737379876,207630,0.025035728115019116,12,98.27478014016016,50.32234463051336,0.05522577635524728,-0.0006678087623597229,59.67620084613952,60.44289749250186,0.004640422228152929,-0.021108696244815484,62.169094497186734,63.32482239124548,0.02175726232714001,231790.6,4,9
2025-09-29,59.18851316685433,60.63206994726192,58.23206994726191,59.432069947261915,388547,62.4641446948324,63.4641446948324,61.4641446948324,62.4641446948324,372844,-0.37391506271884184,5,80.50198824346968,53.14074638878907,0.9476983214653384,0.002386546596341743,59.58516209977314,60.351444389927074,0.004839510195774834,0.017409115032595457,62.261004528460624,63.201011457396795,0.022552240565533767,246316.8,0,9
2025-09-30,59.60632416626151,60.96226982238921,58.562269822389204,59.76226982238921,302402,62.69076851999245,63.69076851999245,61.69076851999245,62.69076851999245,367873,0.02911710376285548,18,96.67737843712926,48.81866777484499,0.9018958105093605,0.005555920825579541,59.52189027724936,60.27751776843,0.005288065492928169,0.003628062567209156,62.12306660525227,63.19383870759354,0.021124662891799418,278932.0,1,9
2025-10-01,60.82753889277615,61.01721904338823,58.617219043388225,59.81721904338823,404408,63.51894193176456,64.51894193176456,62.51894193176456,63.51894193176456,336228,-0.23330638767233378,5,100.07384974130326,47.734026330156325,0.048933695525843146,0.0009194634200195839,59.526464102419276,60.2020792538644,0.005241893061381317,0.013210452373191073,62.55767795022118,63.10577276850928,0.019440057273309233,284441.8,2,10
2025-10-02,58.81440656364537,60.88189460466809,58.481894604668085,59.68189460466809,328475,62.57470150325975,63.57470150325975,61.57470150325975,62.57470150325975,397525,-0.11061823571250273,9,101.6874759522819,49.17117541673064,0.8383117218922788,-0.00226229906512343,59.59680473127422,60.13617318381749,0.004901836527000159,-0.014865493658870466,62.52877267744581,63.02325517883518,0.019386354988269957,326700.2,3,10
2025-10-03,59.68540340859725,60.635509356449354,58.23550935644935,59.43550935644935,437223,62.019026219761955,63.019026219761955,61.019026219761955,62.019026219761955,204942,0.26126616644278094,17,103.78876912020174,49.962818266772054,0.5088741740900253,-0.004128308088253374,59.62579255483136,60.07397905600536,0.004172416559174983,-0.00888019071843038,62.65351657392222,62.90790159351633,0.01929035897532897,372211.0,4,10
2025-10-06,58.54654958935781,60.58610480316967,58.18610480316966,59.386104803169665,325026,62.08214318558694,63.08214318558694,61.08214318558694,62.08214318558694,116513,0.11800239209451843,10,102.44241743230572,41.29840217332789,0.7019628883735499,-0.0008312295766390587,59.616599526012905,60.00837187253992,0.004036389469996497,0.0010177032706275568,62.577116272073134,62.86369260151698,0.019033311562617995,359506.8,0,10
2025-10-07,59.21708554509139,60.471202214252884,58.07120221425288,59.27120221425288,122727,63.03493187550568,64.03493187550568,62.03493187550568,63.03493187550568,234948,0.14210238114370477,5,97.3565630273433,52.30776958980639,0.8869311692981873,-0.0019348396278493496,59.51838600438564,59.94023517729763,0.00378578151981625,0.015347226127012004,62.64594894317578,62.8586654857855,0.018266013529592492,323571.8,1,10
2025-10-08,58.786513829993154,60.20332757257025,57.80332757257025,59.00332757257025,128504,62.325105754078784,63.325105754078784,61.325105754078784,62.325105754078784,318684,-0.4428012095979657,2,102.86194942554317,47.74499385276603,0.5769744870776986,-0.004519473735564161,59.355607710222046,59.856572872784795,0.003765221670535102,-0.011260837448492933,62.40718170763862,62.78671394152376,0.015173873546874057,268391.0,2,10
2025-10-09,58.356390118479645,60.59890426681959,58.19890426681958,59.398904266819585,410762,62.16752627790569,63.16752627790569,61.16752627790569,62.16752627790569,329394,0.4592237924572532,7,110.02031993310248,56.30767537405526,0.11632710028462945,0.006704311612981462,59.299009642652344,59.79845839960692,0.003795827438083541,-0.002528346711433982,62.3257466625678,62.71754170558031,0.01333123435258156,284848.4,3,10
2025-10-10,59.93375354472117,60.939234749504294,58.53923474950429,59.73923474950429,115440,62.59736689752558,63.59736689752558,61.59736689752558,62.59736689752558,204326,-0.2979703277354688,13,99.04501926690355,52.955267378212376,0.0025786104865862525,0.0057295750971422255,59.359754721263336,59.75804444820193,0.004168669921232954,0.0069142307142540105,62.44141479812053,62.66154230393607,0.011393018454592285,220491.8,4,10
2025-10-13,59.75104732867468,61.14106635977078,58.74106635977078,59.94106635977078,250615,62.00076010541951,63.00076010541951,61.00076010541951,62.00076010541951,173630,0.38214020357346623,14,103.17594890831677,55.850332021098275,0.49692153225144653,0.003378543617319485,59.47074703258356,59.72964631990669,0.004223072725903457,-0.009530860828103838,62.42513818208704,62.55359340809538,0.010493955902273564,205609.6,0,10
2025-10-14,58.65073709167342,60.900340262954046,58.50034026295404,59.70034026295404,106441,62.933424783464964,63.933424783464964,61.933424783464964,62.933424783464964,222551,0.25538596649537154,5,98.13828937335882,44.944981031425456,0.9492321321243601,-0.0040160462840597155,59.55657464232379,59.684386113039714,0.00412436283519241,0.015042794257032588,62.40483676367891,62.57294403671303,0.01158093855615267,202352.4,1,10
2025-10-15,60.26473921818344,61.04495517279632,58.644955172796315,59.84495517279632,221335,61.78906574817904,62.78906574817904,60.78906574817904,61.78906574817904,337242,0.14433318544617002,4,93.53241083520429,48.14306679406287,0.5726218716131959,0.002422346492587879,59.724900162368996,59.64115549672691,0.004192300448795078,-0.018183644688388068,62.29762876249896,62.44770437701784,0.011984613517211574,220918.6,2,10
2025-10-16,60.66232123519712,61.14481814620265,58.74481814620265,59.94481814620265,338054,63.39589602570393,64.39589602570393,62.39589602570393,63.39589602570393,99390,-0.21374619522709537,14,105.22879666917605,43.78770756271295,0.3729391380882292,0.0016686949320621203,59.834082938245615,59.62386586606556,0.004134853829471052,0.026005090999004832,62.543302712058605,62.45272018303282,0.014146173077700872,206377.0,3,10
2025-10-17,60.74896568528468,61.2039035141364,58.803903514136394,60.0039035141364,169209,63.08107646963116,64.08107646963116,62.08107646963116,63.08107646963116,184982,0.03789746120488073,4,94.44774055829795,46.474043955353366,0.030922017080913355,0.0009856626437607652,59.887016691172036,59.63719120335156,0.0038095046846356646,-0.004965929591800755,62.64004462647972,62.476017623927305,0.013881974733322497,217130.8,4,10
2025-10-20,60.41861481556541,61.43913659523968,59.039136595239675,60.23913659523968,286439,64.67130767498404,65.67130767498404,63.671307674984035,64.67130767498404,153561,-0.11773035266121495,2,103.8614690099219,56.26052712254296,0.9149794172782003,0.003920296302854176,59.946630738265824,59.65478484915885,0.0038574591573300432,0.025209322578990223,63.17415414039262,62.60935328075336,0.015719534104389622,224295.6,0,10
2025-10-21,60.366538217563196,61.543509148274644,59.14350914827464,60.34350914827464,498406,62.68342781604006,63.68342781604006,61.68342781604006,62.68342781604006,337916,0.007259892876322954,10,100.28255371510045,57.43745288961247,0.3271566608580422,0.0017326369356231996,60.075264515329934,59.668028859822186,0.003671446382869621,-0.03073820416519768,63.12415474690764,62.57450176475364,0.018584391896066057,302688.6,1,10
2025-10-22,61.136406152948766,61.67232784250087,59.272327842500864,60.47232784250087,128197,63.410730587876486,64.41073058787649,62.410730587876486,63.410730587876486,230290,-0.06246806477138997,11,96.96065323479857,44.2593335259777,0.7047774013150961,0.0021347564310469913,60.20073904927085,59.701927756070305,0.002926039960920542,0.011602791952777025,63.44848771484713,62.67774403380147,0.0185065083058175,284061.0,2,10
2025-10-23,61.42192556462278,61.78073377195273,59.38073377195273,60.58073377195273,125465,64.65970639250656,65.65970639250656,63.659706392506564,64.65970639250656,107776,-0.5096526266431021,5,96.7185716785334,47.70861165841358,0.6942372021114649,0.0017926534882897194,60.32792217442086,59.76445487164826,0.0025195639913382583,0.019696600134565756,63.701249788207654,62.77476796006997,0.019237981641841987,241543.2,3,10
2025-10-24,61.19383619510666,61.827051843668855,59.42705184366885,60.62705184366885,208499,64.3418856278437,65.3418856278437,63.341885627843695,64.3418856278437,163771,0.280446037746147,5,94.91879007584313,49.61902163988025,0.2538831613687479,0.000764567690620499,60.45255184032735,59.831278951898526,0.0021611759282747865,-0.004915283139913851,63.95341161985017,62.92209690459316,0.01940900310661829,249401.2,4,10
2025-10-27,59.745616598874584,61.41638539998949,59.01638539998948,60.216385399989484,430803,62.798658169041545,63.798658169041545,61.798658169041545,62.798658169041545,94207,-0.020276789137340292,5,83.54198827910986,52.928028209048904,0.06377750646072533,-0.006773650230235462,60.44800160127731,59.8704947245349,0.0032696490416083005,-0.023984803114541098,63.57888171866167,62.93882257830362,0.020918899006308122,278274.0,0,10
2025-10-28,60.3116125182814,61.41094009167394,59.01094009167394,60.21094009167394,262319,63.34532054869801,64.34532054869801,62.34532054869801,63.34532054869801,232177,-0.12120009987555926,7,103.82895095161692,41.20094868231754,0.38500037867184356,-9.04290132889285e-05,60.421487789957176,59.892928237999136,0.002885159700511827,0.00870500096013127,63.71126026519325,62.97155017973889,0.020555069337469287,231056.6,1,10
2025-10-29,60.288963826441936,61.26920575429622,58.86920575429622,60.06920575429622,355797,63.07040536814527,64.07040536814527,62.07040536814527,63.07040536814527,399256,-0.14008180820744193,1,102.3154682527832,41.98499959235781,0.3171310138371999,-0.00235396320273229,60.34086337231624,59.905527573544546,0.002990430541226976,-0.004339944579511479,63.64319522124701,62.94912335155793,0.019574019556578955,276576.6,2,10
2025-10-30,58.86827600017516,60.97308448463377,58.57308448463377,59.77308448463377,113548,62.942258005070265,63.942258005070265,61.942258005070265,62.942258005070265,261514,0.08961489409169204,1,108.49670252448493,52.44813071936201,0.7002563988723258,-0.004929668470625148,60.17933351485245,59.91008706754282,0.0033770023280653206,-0.0020318144829893914,63.299705543759764,62.967501176648454,0.017708878145066997,274193.2,3,10
2025-10-31,60.35329254881215,61.318612219001764,58.91861221900176,60.11861221900176,394032,62.699403957410865,63.699403957410865,61.699403957410865,62.699403957410865,358226,-0.22343908457361805,8,94.68543097693205,40.254807155410376,0.8197824956598391,0.005780657587727722,60.07764558991903,59.94424221067044,0.003879922795671977,-0.0038583624953498763,62.97120920967319,63.00152006353089,0.01768181595449616,311299.8,4,10
2025-11-03,61.612766200065174,61.67627028707548,59.27627028707548,60.47627028707548,126970,63.42267804545504,64.42267804545503,62.42267804545504,63.42267804545504,317629,-0.5637938896185108,1,118.95383625476667,47.76601296930565,0.22244541739167467,0.00594920699052115,60.12962256733624,59.99875048486573,0.004140508848324832,0.011535581558884678,63.09601318495588,63.06854680652431,0.01591628339578129,250533.2,0,11
2025-11-04,61.07597262850587,61.95600454560548,59.556004545605475,60.75600454560548,384686,62.79717312043945,63.79717312043945,61.79717312043945,62.79717312043945,362511,0.10178245080206903,7,96.20264052150367,50.81045904279421,0.5282310697764423,0.004625521005216182,60.238635458122545,60.07299060143337,0.004340156609043553,-0.009862480492660475,62.98638369930418,63.056658868771,0.012759869013942859,275006.6,1,11
2025-11-05,61.53593417053161,61.99922762981073,59.59922762981073,60.79922762981073,159167,63.88030170093158,64.88030170093158,62.88030170093158,63.88030170093158,179525,0.12977574948920542,12,91.24890357805305,52.078329849665586,0.04060834738816166,0.0007114207810161588,60.38463983322545,60.162785604295394,0.004310749932195653,0.017248046793679528,63.14836296586144,63.13441866611364,0.013425248791767324,235680.6,2,11
2025-11-06,61.1724772622531,62.281019897188756,59.88101989718875,61.08101989718875,443373,64.35103230124186,65.35103230124186,63.35103230124186,64.35103230124186,384409,-0.04990795616940823,1,90.06315080157336,49.29140952228084,0.2142558229334619,0.004634800117754301,60.64622691573644,60.24689138581384,0.004491846585005878,0.007368947668940251,63.43011782509576,63.24359396728043,0.011988341269034124,301645.6,3,11
2025-11-07,61.03903662834922,62.27564579034114,59.87564579034113,61.075645790341135,218453,63.9391941427548,64.9391941427548,62.9391941427548,63.9391941427548,156365,-0.2869757187975022,12,82.66077596770337,48.17121640476235,0.761761605322083,-8.798325333569945e-05,60.83763363000431,60.31371193785568,0.004501346063091851,-0.006399868716311374,63.67807586216454,63.31068532954191,0.012059265980643233,266529.8,4,11
2025-11-10,61.30407720761446,62.313441512573974,59.91344151257397,61.11344151257397,173516,63.1444109782231,64.1444109782231,62.1444109782231,63.1444109782231,220261,0.022233885222321333,12,115.32627892393128,54.2228542985824,0.7933983204890724,0.0006188345901831926,60.96506787510401,60.37233069549585,0.0036569029755975035,-0.012430296865444057,63.622422448718154,63.36786787318209,0.009931490135310937,275839.0,0,11
2025-11-11,60.46530195429867,62.07321527829089,59.67321527829088,60.873215278290886,234681,64.46633439600177,65.46633439600177,63.46633439600177,64.46633439600177,298007,-0.36613309207839717,11,113.71067390768661,51.42602963182879,0.7764044634518033,-0.003930824845360115,60.98851002164109,60.43097444626269,0.004024055750992957,0.020934923571217956,63.95625470383062,63.44451335380893,0.01164631986446397,245838.0,1,11
2025-11-12,60.47501545270688,62.156903046324075,59.75690304632407,60.95690304632407,100329,64.17561806911975,65.17561806911975,63.17561806911975,64.17561806911975,171787,-0.25680764917191484,12,106.00745162884758,46.7649168902427,0.14238792498827013,0.0013747880352730224,61.020045104943755,60.486571839939074,0.003836651980694434,-0.0045095836393646005,64.01531797746826,63.56384096985596,0.011656402794579156,234070.4,2,11
2025-11-13,61.60301141463897,62.16985913605429,59.769859136054286,60.96985913605429,166049,63.534250077433704,64.53425007743371,62.534250077433704,63.534250077433704,164626,-0.1876744841260403,16,91.0391119222422,50.18861448341119,0.5510347274684173,0.00021254507828860625,60.99781295271687,60.537823889431664,0.0031695110700654485,-0.009993951145048086,63.851961532706625,63.570758672442444,0.012206158009351287,178605.6,3,11
2025-11-14,61.37654530546586,61.890374134032605,59.4903741340326,60.6903741340326,339411,63.522013865929765,64.52201386592976,62.522013865929765,63.522013865929765,121607,0.21098476772288902,2,118.1126768155912,51.915845113280966,0.4227084144433829,-0.004583986349681712,60.920758621455164,60.57214742042646,0.003472030441456031,-0.00019259236536239843,63.76852547734162,63.59280554225738,0.012098499822032082,202797.2,4,11
2025-11-17,60.18762444908932,61.883177606882995,59.48317760688299,60.68317760688299,220311,62.78277596521389,63.78277596521389,61.78277596521389,62.78277596521389,81344,-0.09065273760922928,4,96.48280838478344,58.59118620725691,0.9914862967950905,-0.0001185777357990414,60.83470584031697,60.59434947100863,0.0029998603946471748,-0.01163750731008184,63.696198474739774,63.498378956768875,0.012154168795186401,212156.2,0,11
2025-11-18,61.15578975905162,61.871790356774696,59.47179035677469,60.67179035677469,241543,63.05654428010795,64.05654428010794,62.05654428010795,63.05654428010795,240386,-0.11196660294411515,7,97.30974168773348,53.9316183414579,0.6540698690583361,-0.00018765085411431848,60.79442085601373,60.61076353143363,0.0025957860970880044,0.004360564035042813,63.414240451561014,63.51703477997226,0.011822679361351316,213528.6,1,11
2025-11-19,61.02438732229884,62.267867310101856,59.86786731010185,61.06786731010185,422891,63.745180502287575,64.74518050228758,62.745180502287575,63.745180502287575,395762,0.48867312885281156,14,114.37259080436075,56.07278427976972,0.9352020913957291,0.006528189641315407,60.81661370876928,60.64054050481368,0.0033491102535281357,0.010920931840485704,63.32815293819457,63.53375727569282,0.01096336937588543,278041.0,2,11
2025-11-20,61.4406909697442,62.47078668249899,60.070786682498984,61.270786682498986,149514,65.00783916986708,66.00783916986708,64.00783916986708,65.00783916986708,150415,0.08811562429717848,17,106.58910584480873,46.94696301850185,0.1453503050084376,0.0033228501556590295,60.876799218058224,60.67504315034099,0.00318864286362201,0.019807907948965697,63.62287075668125,63.551163914560846,0.012508952704298052,274734.0,3,11
2025-11-21,61.51509823846089,62.484988918743355,60.08498891874335,61.28498891874335,258356,63.90128688421087,64.90128688421086,62.90128688421087,63.90128688421087,220851,0.08474862761870651,18,122.01103138754593,47.37908546872499,0.45087327310022907,0.0002317945796577181,60.99572217500038,60.70794000409472,0.0031857566303878293,-0.01702182844079414,63.69872536033747,63.5291339773792,0.013617141230802621,258523.0,4,11
2025-11-24,61.84958716872078,62.55241193465862,60.152411934658616,61.35241193465862,174455,64.73654013025588,65.73654013025588,63.736540130255875,64.73654013025588,379376,-0.09242518630219372,12,102.48722260319019,48.82310003593505,0.7716076001058686,0.0011001554720790896,61.129569040555495,60.76474133082818,0.0031939488980824832,0.013070992569500062,64.08947819334587,63.62602807543992,0.013411972477216294,249351.8,0,11
2025-11-25,61.418954044131205,62.577594943199614,60.17759494319961,61.37759494319961,293139,64.05460522148266,65.05460522148266,63.05460522148266,64.05460522148266,327139,-0.14909291690919443,8,96.02969200421275,49.28213676680918,0.3678577280304026,0.00041046484965923113,61.27072995784048,60.82307407340446,0.0028129701070078454,-0.010534003012844018,64.28909038162082,63.66149230907915,0.01226827456184271,259671.0,1,11
2025-11-26,62.056420113128574,62.55133911547761,60.151339115477604,61.35133911547761,232699,64.50010765198873,65.50010765198873,63.50010765198873,64.50010765198873,81281,-0.5466016100042876,8,93.88195116540204,44.95987521098555,0.6325084961536467,-0.00042777544063599127,61.32742431891563,60.88718074146353,0.002831805281172698,0.006955041389540062,64.44007581156104,63.732977423271336,0.01239455017653765,221632.6,2,11
2025-11-27,61.291746633878475,62.33704021399851,59.93704021399851,61.13704021399851,118491,64.05220291271223,65.05220291271223,63.05220291271223,64.05220291271223,240190,0.24218513298088956,2,81.53003822809373,56.32966813278409,0.5117021723736607,-0.003492978385944201,61.30067502521554,60.95537852793177,0.003122730584764172,-0.006944247933556524,64.24894856013006,63.78847466865343,0.012140560893148956,215428.0,3,11
2025-11-28,61.43793266610326,62.32584052986849,59.92584052986849,61.12584052986849,128093,64.64967448992414,65.64967448992414,63.64967448992414,64.64967448992414,125822,0.11207742643909478,9,97.21404227193796,54.41675818879396,0.9919294092179923,-0.00018318983206933037,61.268845347440575,61.0057399434751,0.002633078310997619,0.00932788491328096,64.39862608127274,63.8859881952791,0.012417368635053815,189375.4,4,11
2025-12-01,60.571391099315655,62.18802239508428,59.788022395084276,60.98802239508428,440933,63.667135592153144,64.66713559215314,62.667135592153144,63.667135592153144,159046,-0.044791498303353335,10,111.4459333882738,48.471610693492465,0.17387254006549147,-0.0022546624077400823,61.1959674395257,61.03132754887554,0.0027904577194142063,-0.015197893965021025,64.18474517365219,63.898211072614004,0.01288854471255701,242671.0,0,12
2025-12-02,61.822522874900116,61.9431933695477,59.543193369547694,60.7431933695477,122765,62.79967641954623,63.79967641954623,61.79967641954623,62.79967641954623,158872,-0.034306675459063934,4,105.98834172656069,53.20855324506927,0.9353486953301278,-0.004014378822624565,61.06908712479532,61.03068699007265,0.0031368487182090324,-0.013624912830440317,63.93375941326489,63.89833623756933,0.013672143960525029,208596.2,1,12
2025-12-03,61.11565645292591,62.08074399132343,59.680743991323425,60.88074399132343,413083,63.051574572505245,64.05157457250525,62.051574572505245,63.051574572505245,275992,0.18403606556526378,15,100.20308006560406,51.11449581501919,0.40157095380329677,0.0022644614835920507,60.974968099964485,61.03476280814829,0.0023638884459514634,0.004011137752942595,63.644052797368204,63.85689988114801,0.013207396538278062,244673.0,2,12
2025-12-04,61.350756763982865,62.19425805131032,59.794258051310315,60.99425805131032,466410,63.67513155494466,64.67513155494467,62.67513155494466,63.67513155494466,143666,-0.3886775182699633,16,90.0506555618367,53.59913990465687,0.4679929663772945,0.0018645314190488538,60.946411667426844,61.03042471585437,0.0021506222363687597,0.009889633790546526,63.568638525814684,63.823104843833164,0.011763400830081086,314256.8,3,12
2025-12-05,59.83509707945865,61.83918998506442,59.43918998506442,60.63918998506442,286324,62.88975400265759,63.88975400265759,61.88975400265759,62.88975400265759,160597,-0.14747033288845138,6,102.26873018012738,43.27846438237185,0.528601883689979,-0.005821335935379479,60.849081558466025,61.00860192559054,0.0027151231146727984,-0.012334133171116868,63.216654428361366,63.77063283682829,0.011177377241537148,345903.0,4,12
2025-12-08,60.23404447155138,61.84539548309093,59.44539548309093,60.64539548309093,224841,63.89152269249866,64.89152269249865,62.89152269249866,63.89152269249866,152249,-0.2840757157231326,18,110.12813705195373,49.271694634012825,0.26536654943357985,0.00010233477769139299,60.780556176067364,60.985199624116376,0.002644517732705369,0.015928964991638317,63.26153184843048,63.807988422542074,0.011620190979330161,302684.6,0,12
2025-12-09,61.51394267950583,62.09500083554647,59.695000835546466,60.89500083554647,410526,63.61553993663162,64.61553993663162,62.61553993663162,63.61553993663162,194203,0.44287732062168655,3,104.30719256469985,49.709807360471025,0.963657442610793,0.004115817045419856,60.81091766926711,60.98628890197915,0.0031073570161596295,-0.0043195520193705095,63.42470455184755,63.765448699573575,0.011228213685131166,360236.8,1,12
2025-12-10,61.30358399571836,62.360138436572065,59.96013843657206,61.16013843657206,492892,65.58490236658791,66.58490236658791,64.58490236658791,65.58490236658791,289935,0.21891388296332517,18,101.6673516963336,53.118210498058254,0.9114872052347894,0.004354012601816448,60.86679655831684,60.99645067149156,0.003510200998057262,0.030957254028151082,63.93137011066409,63.83591291444698,0.014971472723518432,376198.6,2,12
2025-12-11,60.46296807342309,62.619857940837555,60.21985794083755,61.41985794083755,148170,63.37722918375527,64.37722918375528,62.37722918375527,63.37722918375527,207989,-0.5506731602838411,15,92.03042346718794,46.85781199408933,0.9729051002113627,0.004246548665596039,60.95191653622229,61.01895061173072,0.003582066130107631,-0.03366130165892167,63.87178963642621,63.82806186976306,0.01863489125178794,312550.6,3,12
2025-12-12,61.987321543827036,62.66817657933513,60.268176579335126,61.46817657933513,485746,64.59035648656102,65.59035648656102,63.59035648656102,64.59035648656102,184803,-0.3784404066599939,5,108.67181814112013,37.50034637958802,0.996919572209523,0.0007866940777381259,61.11771385507643,61.05784073399585,0.0035756175376654045,0.019141374882269302,64.2119101332069,63.88147900079461,0.019473041615901885,352435.0,4,12
2025-12-15,61.055423702226,62.52731510440237,60.12731510440236,61.327315104402366,477494,63.65054329029897,64.65054329029897,62.65054329029897,63.65054329029897,245632,-0.03308641833937157,13,68.68095181255819,44.5915014115854,0.669800095180972,-0.0022916162927162365,61.254097779338714,61.09004760887183,0.003578872367361858,-0.014550363976665648,64.16371425276695,63.92486736704886,0.0194175949579381,402965.6,0,12
2025-12-16,61.84229732054233,62.33663882760398,59.93663882760397,61.136638827603974,157028,63.84059802337437,64.84059802337437,62.84059802337437,63.84059802337437,276807,-0.11811005301810618,6,103.82845708865145,49.694760071445465,0.4516854958057447,-0.0031091574198836014,61.30242537775022,61.11329003241328,0.0034597607330780046,0.002985909047289459,64.2087258701155,63.9640700542122,0.01880985202221661,352266.0,1,12
2025-12-17,61.21227123910628,62.45618907840813,60.056189078408124,61.25618907840813,121895,64.34104076241245,65.34104076241245,63.34104076241245,64.34104076241245,84914,-0.3310955520192221,16,125.70321980944598,50.319421127516655,0.8507339014963048,0.001955459984335439,61.32163550611743,61.122706120828596,0.0034451003891066093,0.00783894190425416,63.95995354928041,63.993863067218435,0.018898476789103693,278066.6,2,12
2025-12-18,61.48727314329893,62.58491980028867,60.18491980028866,61.384919800288664,385969,62.98969697536408,63.98969697536408,61.98969697536408,62.98969697536408,364882,0.48619055941262235,4,84.91626612668153,58.418740613124925,0.023804877836338556,0.0021015137215891766,61.31464787800765,61.128412776718086,0.0034554096513686964,-0.021002827604831187,63.882447107602175,63.89295595749328,0.019992822357121277,325626.4,3,12
2025-12-19,62.30093437398977,62.91145708469395,60.511457084693944,61.71145708469395,131067,64.85355275476677,65.85355275476677,63.85355275476677,64.85355275476677,373257,0.0781349784956448,5,97.58630545298634,52.91373220329049,0.8344040447135034,0.00531950331559683,61.36330397907942,61.149736185015605,0.0028887911921515385,0.02958985149796245,63.93508636124333,63.94056925102109,0.02165558185426529,254690.6,4,12
2025-12-22,61.5504235612037,63.19917004663103,60.799170046631026,61.99917004663103,340321,66.14091452399553,67.14091452399553,65.14091452399553,66.14091452399553,272818,0.11870408071577288,6,99.92089009875274,50.40765139615745,0.49728602421100665,0.004662229276845897,61.49767496752516,61.18207409061424,0.002957459022251954,0.019850289067381066,64.43316060798264,64.01078797070807,0.021943446548051533,227256.0,0,12
2025-12-23,61.525921455237274,63.22234485915425,60.82234485915424,62.022344859154245,125902,64.75028188013309,65.75028188013309,63.75028188013309,64.75028188013309,263872,-0.17300373730805346,4,95.37417185943423,49.83804361609281,0.6732200270834178,0.0003737923024740297,61.6748161738352,61.21431158641197,0.002926678214139375,-0.02102530111460632,64.61509737933439,64.04557180364058,0.023219204929683653,221030.8,1,12
2025-12-24,61.70867667863541,63.006925888834466,60.60692588883446,61.80692588883446,376258,64.96281060291776,65.96281060291776,63.962810602917756,64.96281060291776,302250,0.1805685367945006,7,110.36374242558979,55.52091691084846,0.3740460613425076,-0.0034732477594804356,61.784963535920475,61.237090925079805,0.0032123226944843356,0.0032822825880218787,64.73945134743545,64.06870695118702,0.020921546464154762,271903.4,2,12
2025-12-25,62.206481725913555,62.992895326102946,60.59289532610294,61.79289532610294,192681,65.4078483419782,66.4078483419782,64.4078483419782,65.4078483419782,221076,-0.09510819024550295,12,104.724510143553,47.04944773921281,0.3686231538668159,-0.0002270063189480087,61.86655864108333,61.26988368068503,0.003024839293194633,0.006850654011580692,65.22308162075828,64.13648922265034,0.01748112845053015,233245.8,3,12
2025-12-26,61.23081495455831,63.09625358086506,60.696253580865054,61.89625358086506,138476,64.79788148084886,65.79788148084886,63.79788148084886,64.79788148084886,196961,-0.07083579342687485,13,101.52300372547319,49.29858106129701,0.03171715281088772,0.0016726559617681325,61.90351794031754,61.30840433323486,0.0030435126629311912,-0.009325591295102464,65.21194736597468,64.14389957219657,0.01692304518773033,234727.6,4,12
2025-12-29,61.07653460242051,63.11055190236506,60.710551902365054,61.91055190236506,126646,64.56197578924616,65.56197578924616,63.56197578924616,64.56197578924616,192861,0.15275048995631496,11,107.9727256116928,44.55370939930849,0.4237894304290133,0.00023100463554426298,61.88579431146435,61.354530808598895,0.002867607585247291,-0.0036406389562662067,64.89615961902481,64.18864158205122,0.016184144350600775,191992.6,0,12
2025-12-30,62.257018911599275,63.04515844807738,60.645158448077375,61.84515844807738,175424,63.47971660584432,64.47971660584432,62.47971660584432,63.47971660584432,131116,-0.4072493912650749,4,100.16750709071742,57.09453024347652,0.40835419541933005,-0.001056257007542194,61.85035702924897,61.40962906252538,0.0026062458549110574,-0.01676310506566181,64.64204656416706,64.22264359136612,0.017163473809549124,201897.0,1,12
2025-12-31,61.65917810767088,63.16066726395439,60.76066726395438,61.960667263954385,316300,65.34526169559136,66.34526169559136,64.34526169559136,65.34526169559136,349173,0.39925696496274565,4,131.79864488823515,51.96249468500807,0.22479110186807127,0.001867709919022742,61.881105304272964,61.463625226156935,0.0026034011016663767,0.029388050065354054,64.71853678270178,64.33732794752044,0.01951000786443508,189905.4,2,12
2026-01-01,61.718009038206475,63.11412204466662,60.71412204466662,61.91412204466662,130655,64.84622099882928,65.84622099882928,63.84622099882928,64.84622099882928,182586,0.04559730368096895,18,101.51346933656741,46.46238351998027,0.24732327353976746,-0.0007512059076039135,61.9053506479857,61.50961842582474,0.0026432019067624576,-0.007636983674299769,64.606211314072,64.39588241971467,0.01819375820995932,177500.2,3,1
2026-01-02,60.9137574105495,63.042162611519586,60.64216261151958,61.84216261151958,420909,64.23455230068669,65.23455230068669,63.23455230068669,64.23455230068669,171008,0.3202360521951061,5,101.95282098489704,49.42772494840846,0.5841395804425117,-0.0011622458781717082,61.8945324541166,61.5697670571475,0.00218338448099757,-0.009432603607751333,64.49354547803956,64.46312233461612,0.015912379817113614,233986.8,4,1
2026-01-05,61.63501133867301,63.174500995849,60.774500995848996,61.974500995849,341653,65.05045902201562,66.05045902201562,64.05045902201562,65.05045902201562,388570,-0.2688549391547046,2,82.89531950426725,52.5482538160314,0.31777144253950307,0.002139937847269957,61.907322272813396,61.63622233278541,0.0017058562777820363,0.0127019912509021,64.59124212459345,64.52106915109196,0.01501460931000678,276988.2,0,1
2026-01-06,61.95028112419691,63.15406477251249,60.754064772512486,61.95406477251249,218920,64.60385655842877,65.60385655842877,63.603856558428774,64.60385655842877,242146,-0.23079128100704827,9,94.56549672696576,48.74640543638862,0.8302519090172897,-0.00032975212398855813,61.92910353770041,61.689175529633715,0.0017014658887092456,-0.00686547751239841,64.81607011511035,64.57048498218182,0.01357346286100807,285687.4,1,1
2026-01-07,62.53967123926907,63.27448231045763,60.87448231045762,62.074482310457626,494636,64.7574266317883,65.7574266317883,63.757426631788306,64.7574266317883,278979,-0.29047505539995305,1,111.4737768179981,47.327646891437,0.11138510685706648,0.0019436583925089845,61.95186654700107,61.73489272332798,0.0013339209360356849,0.002377103806808112,64.69850310234973,64.52911119544184,0.013551073783010511,321354.6,2,1
2026-01-08,61.8168336758828,63.40244875900012,61.00244875900012,62.20244875900012,363415,65.56622345266534,66.56622345266534,64.56622345266534,65.56622345266534,158542,0.06257441816620972,7,86.64543149640127,46.72863157007834,0.5776449465750436,0.002061498441541243,62.009531889867766,61.77402226423611,0.0014026746582753347,0.012489638068477804,64.84250359311694,64.63856090888734,0.013988926889700205,367906.6,3,1
2026-01-09,62.85520387402346,63.22651581390721,60.82651581390721,62.02651581390721,368793,64.2234863671129,65.2234863671129,63.2234863671129,64.2234863671129,168803,0.01649582547956152,17,78.42442825698045,51.69480949620557,0.16004472713910234,-0.0028283925890851824,62.04640253034529,61.801939225964716,0.001726918905126862,-0.020479097542072333,64.84029040640219,64.62021740291495,0.015233521938120831,357483.4,4,1
2026-01-12,61.65166812054121,63.19394613263111,60.793946132631106,61.99394613263111,169578,65.62233530427537,66.62233530427537,64.62233530427537,65.62233530427537,313068,-0.11610295480779513,6,100.32315471187574,48.20972860394657,0.5282406269206588,-0.0005250928711491021,62.05029155770171,61.83527077737615,0.0017424569164753783,0.02178095610017805,64.95466566285413,64.71880700361376,0.016749926105399483,323068.4,0,1
2026-01-13,62.03549788753247,63.577043788325064,61.17704378832506,62.37704378832506,384304,64.53843209045402,65.53843209045402,63.53843209045402,64.53843209045402,224292,-0.25351729822131985,14,113.70744507474978,47.73121132618627,0.5525458869503187,0.006179597841285078,62.13488736086422,61.8972910254122,0.0025208783452427223,-0.016517291083829044,64.94158076925919,64.75369870696775,0.01671988194328881,356145.2,1,1
2026-01-14,62.9683748417087,63.399696065759805,60.9996960657598,62.1996960657598,323677,64.80207522074664,65.80207522074664,63.802075220746644,64.80207522074664,127278,-0.3166490674327106,10,100.42381228696125,43.31969122472297,0.6422976865257292,-0.0028431569018737557,62.15993011192465,61.94446637477979,0.002742020236420877,0.004085056326176506,64.95051048705086,64.77675042988446,0.013723890714491205,321953.4,2,1
2026-01-15,61.92297747413397,63.01724739795202,60.61724739795201,61.817247397952016,493834,65.97101511439196,66.97101511439196,64.97101511439196,65.97101511439196,347364,-0.012120975117663996,7,96.63875397373657,50.388202882635845,0.4274249472728937,-0.006148722453618527,62.08288983971504,61.966082754662956,0.0034349662489923435,0.018038618202632417,65.03146881939618,64.92581633683585,0.014661922180542405,348037.2,3,1
2026-01-16,61.214875503084336,62.69088786759013,60.29088786759012,61.490887867590125,291198,65.16730072457557,66.16730072457557,64.16730072457557,65.16730072457557,208883,-0.11639669489715003,13,81.4151206225902,49.09388280604046,0.5094746851292544,-0.005279425145880978,61.97576425045162,61.95505429380777,0.003797246796578249,-0.012182841031364688,65.22023169088871,64.94150373532628,0.014919927529482938,332518.2,4,1
2026-01-19,61.49642097269173,62.77398753828203,60.37398753828202,61.573987538282026,371204,64.63254993377929,65.63254993377929,63.63254993377929,64.63254993377929,293901,-0.17140174808956557,12,104.52254122702193,48.391758256790176,0.18095261608129332,0.0013514143895734243,61.89177253158181,61.93379516839032,0.003742677374349422,-0.008205814647078369,65.02227461678949,64.86608550581548,0.014644813971482441,372843.4,0,1
2026-01-20,62.334989350579804,62.858452561808775,60.45845256180877,61.65845256180877,236451,64.09413443250804,65.09413443250804,63.09413443250804,64.09413443250804,189207,0.3867723715329024,7,106.61275108883045,50.99385338744359,0.46301534973632963,0.0013717647159725566,61.748054286278546,61.91560055352304,0.003796729372166102,-0.008330407849031052,64.93341508520031,64.83327813343422,0.014722153312057088,343272.8,1,1
2026-01-21,62.44487347586285,62.91177206605001,60.51177206605001,61.71177206605001,116072,64.39420868203007,65.39420868203007,63.39420868203007,64.39420868203007,259408,-0.020581419548183478,5,82.182675008989,53.74001131367949,0.37303038909429054,0.0008647557962597752,61.65046948633659,61.910842862383824,0.00373529964903145,0.0046817739591757945,64.851841777457,64.80484803738985,0.014793445171424047,301751.8,2,1
2026-01-22,61.64526161184039,63.25365820147552,60.85365820147551,62.053658201475514,151166,65.09762339022693,66.09762339022693,64.09762339022693,65.09762339022693,328201,0.3175107334817313,18,111.34532448697219,53.50782735970234,0.6661311046544097,0.005540047287243333,61.69775164704129,61.92388100615244,0.004147779260257967,0.01092357096381491,64.67716343262398,64.78933678980228,0.014648659938491473,233218.2,3,1
2026-01-23,61.53558855716689,62.756805462206444,60.35680546220644,61.55680546220644,446802,64.5793194016102,65.5793194016102,63.579319401610206,64.5793194016102,363252,-0.13331304567067415,4,107.65695525892109,52.76364250449881,0.43482172349648607,-0.00800682431414268,61.71093516596456,61.906908600219516,0.004782660439180692,-0.007961949478704544,64.5595671680309,64.77840868584033,0.013229241263312961,264339.0,4,1
2026-01-26,61.768703715776034,62.92362530194225,60.523625301942246,61.72362530194225,395248,64.66910274416666,65.66910274416666,63.669102744166665,64.66910274416666,146350,0.06119407094966422,19,111.32315942547345,48.79664860682139,0.7793416509802202,0.0027100145708216505,61.7408627186966,61.89756227019838,0.004907321894024042,0.001390280098774399,64.56687773010837,64.78376503358636,0.010988883941530745,269147.8,0,1
2026-01-27,61.6498525001408,63.34297255539911,60.9429725553991,62.142972555399105,245871,65.12447304694858,66.12447304694858,64.12447304694858,65.12447304694858,295180,-0.013869004064083723,9,105.83525091833341,47.16500832029379,0.42599209857369214,0.006793950475291632,61.83776671741466,61.91245297556446,0.005002136857742699,0.007041543541795869,64.77294545299648,64.86600285564158,0.009856738711622584,271031.8,1,1
2026-01-28,61.95434393474602,63.18218646107102,60.782186461071014,61.98218646107102,379129,64.85356139524795,65.85356139524795,63.85356139524795,64.85356139524795,372684,-0.42440557737953066,19,106.53682708811318,44.780421793387816,0.23577117297395866,-0.002587357632188425,61.891849596418865,61.91352893542029,0.004988689779345376,-0.0041599054706412675,64.86481599564006,64.8414178406244,0.009909866231166489,323643.2,2,1
2026-01-29,61.98632129026846,63.18365986004261,60.783659860042604,61.98365986004261,101745,64.1184726186586,65.1184726186586,63.1184726186586,64.1184726186586,285673,0.3570845765659782,7,105.2072089870174,47.03421746330959,0.2736887189585846,2.3771329404675967e-05,61.877849928132285,61.9170058261891,0.0045528069912010504,-0.011334593826071826,64.6689858413264,64.80503042161587,0.00821858436139397,313759.0,3,1
2026-01-30,62.47530736693554,63.10520262746717,60.705202627467166,61.90520262746717,114872,64.59529618217066,65.59529618217066,63.59529618217066,64.59529618217066,125788,-0.03378840175810397,11,108.68472321501196,50.098250475682846,0.04528522509163657,-0.0012657728303329119,61.947529361184436,61.920157826986475,0.004169173757173989,0.007436602028060513,64.6721811974385,64.82306761569006,0.008074012263196729,247373.0,4,1
2026-02-02,62.40051807079535,62.99680555663975,60.596805556639744,61.79680555663975,302893,65.34557998903186,66.34557998903186,64.34557998903186,65.34557998903186,140725,0.18660455490824013,12,81.81242230876082,46.06856939173758,0.5399188106009101,-0.0017510171395405116,61.96216541212393,61.911273055026,0.004228632544359008,0.01161514616707171,64.80747664641152,64.83782366404088,0.008490300369297876,228902.0,0,2
2026-02-03,61.64708232730901,63.01168702648852,60.61168702648851,61.811687026488514,349985,63.99068644795784,64.99068644795784,62.99068644795784,63.99068644795784,144896,-0.18800718061538985,7,84.98940566378485,50.48028569558721,0.8308808839003218,0.00024081293061550824,61.89590830634181,61.90415416772481,0.004213941703662475,-0.020734279828894864,64.58071932661338,64.80716515851734,0.010655899387106909,249724.8,1,2
2026-02-04,62.09893157815613,63.40590815008654,61.00590815008653,62.205908150086536,474806,65.09217484316298,66.09217484316298,64.09217484316298,65.09217484316298,114044,-0.04121109539494116,5,92.63992099810228,45.17271661044068,0.7691117068175701,0.006377776478242447,61.94065264414492,61.910725459706256,0.004641352070045313,0.017213261122006385,64.62844201619639,64.82390256908607,0.011941378702885266,268860.2,2,2
2026-02-05,63.02130195447443,63.88915580344661,61.48915580344661,62.68915580344661,403863,65.19730344618411,66.19730344618411,64.19730344618411,65.19730344618411,321194,-0.21671308998083869,10,98.70179828327447,41.69504055496489,0.4377894663384714,0.0077685169742096605,62.08175183282572,61.93506081192858,0.004937850503172823,0.0016150728297898986,64.84420818170149,64.80545656876203,0.01144681709325038,329283.8,3,2
2026-02-06,62.410816015812614,63.90341024027612,61.50341024027612,62.70341024027612,202932,65.77022049791499,66.77022049791499,64.77022049791499,65.77022049791499,388845,0.30899962069084835,13,103.8813692330818,54.097030604323976,0.1961203551445122,0.00022738281680179107,62.2413933553875,61.968905533247025,0.0038244058015174743,0.008787434777939751,65.07919304485037,64.88279327530212,0.011342805330697361,346895.8,4,2
2026-02-09,63.49644293882322,64.40212286295451,62.002122862954515,63.20212286295452,426054,65.96894295431443,66.96894295431443,64.96894295431443,65.96894295431443,245401,0.07785233686266893,5,103.2468165322885,47.62792702317078,0.8634844432974528,0.007953516734853228,62.52245681665046,62.0293143697632,0.004286395082132994,0.0030214655644302812,65.20386563790687,64.90012365780407,0.011346595752924887,371528.0,0,2
2026-02-10,63.25343299209829,64.4973862357829,62.09738623578289,63.297386235782895,296605,67.18382243476769,68.18382243476769,66.18382243476769,67.18382243476769,271634,0.09176338167022204,15,111.17105811456031,45.814831733880546,0.0567810340450684,0.0015072812195713325,62.81959665850934,62.075331492136094,0.003997540373590121,0.0184159306796019,65.84249283526884,65.03239317501976,0.012421726729272923,360852.0,1,2
2026-02-11,63.279379052803016,64.96407834167232,62.56407834167232,63.764078341672324,430412,67.06802823418649,68.06802823418649,66.06802823418649,67.06802823418649,327584,0.33954603677624473,13,111.48495298580352,44.53076429351281,0.399222725202494,0.007373007538589382,63.13123069682649,62.15355060593172,0.004010066241121713,-0.0017235429063839902,66.23766351347355,65.14569082569174,0.012284739814846889,351973.2,2,2
2026-02-12,63.3536749082765,65.03209326471632,62.632093264716325,63.83209326471633,169510,66.04501136524999,67.04501136524999,65.04501136524999,66.04501136524999,213018,0.28908532422475575,4,91.27614891706207,52.115179873652,0.8566151423839511,0.0010666651947754957,63.35981818908044,62.254292899269934,0.003941502273631181,-0.015253420979730481,66.40720509728672,65.14939063823465,0.012857270115067574,305102.6,3,2
2026-02-13,64.67232758409361,65.14879823607805,62.74879823607805,63.948798236078055,110490,67.35153504304628,68.35153504304628,66.35153504304628,67.35153504304628,231186,0.19133563403407133,18,102.38576110050471,56.87453855733984,0.3931766874041964,0.0018283118317574676,63.608895788240815,62.377188417694335,0.0036870373810509558,0.0197823219466311,66.72346800631297,65.25860235415817,0.013878575571629366,286614.2,4,2
2026-02-16,64.03811186231285,65.3163226018845,62.91632260188449,64.11632260188449,123077,66.65153148812725,67.65153148812725,65.65153148812725,66.65153148812725,268486,-0.3554318367593657,1,91.52168452278161,47.984630694969276,0.11787547075695992,0.002619664019142265,63.791735736026816,62.50430517087445,0.003261635997339886,-0.010393282862397157,66.85998571307555,65.35955143187559,0.01432298353451938,226018.8,0,2
2026-02-17,65.71185557973443,66.09167853278528,63.691678532785275,64.89167853278528,496353,67.54548070995875,68.54548070995875,66.54548070995875,67.54548070995875,177485,-0.1739197798791709,13,98.11752961646434,48.92218312668709,0.2659495003457961,0.012092956979382397,64.1105941954273,62.66596646942328,0.003947723710175241,0.013412283287005167,66.93231736811376,65.53211874574811,0.012193498780065466,265968.4,1,2
2026-02-18,64.90755946690459,66.36437759726205,63.96437759726204,65.16437759726205,132217,68.35266900932632,69.35266900932632,67.35266900932632,68.35266900932632,99779,-0.2509720340028382,9,103.21791369048495,55.35815919944536,0.6000294417429484,0.0042023734112377475,64.39065404654525,62.83859674598388,0.003915920055288062,0.011950293208122131,67.18924552314172,65.73004176211293,0.011736172514950398,206329.4,2,2
2026-02-19,65.24608642321647,66.30048382265072,63.90048382265071,65.10048382265072,475741,67.80543537081263,68.80543537081263,66.80543537081263,67.80543537081263,261687,0.1818834234064498,13,65.9128792352831,40.94777147820844,0.15203590769457087,-0.0009805015710609988,64.64433215813212,62.99093802704264,0.004117404023447146,-0.008006031753332477,67.54133032425425,65.86543236114221,0.012415673750477798,267575.6,3,2
2026-02-20,66.59501118428301,66.59867282277389,64.19867282277389,65.39867282277389,390804,68.93438631256767,69.93438631256767,67.93438631256767,68.93438631256767,343080,0.04266298543751285,15,124.11244039639683,59.83434321456333,0.6549353268423558,0.0045804421505608595,64.9343070754713,63.18303139507101,0.0039246078527016715,0.016649859050104965,67.85790057815852,66.08318570669009,0.012988321767644957,323638.4,4,2
2026-02-23,64.88067528661296,66.6093686589446,64.2093686589446,65.4093686589446,158415,67.94466262203656,68.94466262203656,66.94466262203656,67.94466262203656,103432,-0.3476281084076487,14,105.66408677397474,62.220501511631845,0.43816193119924574,0.00016354821449815482,65.1929162868833,63.36731856292114,0.003874967035053054,-0.014357474454670949,68.11652680494038,66.24696370058358,0.014342673162630968,330706.0,0,2
2026-02-24,64.44344936214692,66.59235661209681,64.1923566120968,65.3923566120968,445629,68.02098868054199,69.02098868054199,67.02098868054199,68.02098868054199,149326,-0.047186053252806885,13,94.04296724586594,36.46831235289959,0.3343895008205219,-0.0002600857827645964,65.2930519027456,63.52978776575601,0.004011098475839694,0.0011233562072421321,68.21162839905703,66.39178948226325,0.013287535966768464,320561.2,1,2
2026-02-25,66.32056205540923,66.87726698976562,64.47726698976561,65.67726698976561,157684,68.28344445363675,69.28344445363675,67.28344445363675,68.28344445363675,164157,-0.3735280839296946,16,119.27369755230228,49.512483855416214,0.24092548052316387,0.004356936994316829,65.39562978124631,63.714541792190744,0.0037746092849008,0.0038584527832632443,68.19778348791912,66.5632836351827,0.013262770323096622,325654.6,2,2
2026-02-26,65.35906412203019,66.97246867472673,64.57246867472672,65.77246867472672,157319,68.4330854257137,69.4330854257137,67.4330854257137,68.4330854257137,337454,-0.01328912201743997,14,96.52568829513805,46.40526484065218,0.8233299858567095,0.001449537858753347,65.53002675166152,63.903982232924946,0.0037550826779610357,0.0021914678334447046,68.32331349889932,66.77901427553545,0.01182904877654482,261970.2,3,2
2026-02-27,65.91056610669759,67.12091928875071,64.72091928875071,65.92091928875071,330208,69.5804342220794,70.5804342220794,68.5804342220794,69.5804342220794,241471,-0.4138431259967962,16,101.32519385828057,48.67614114547633,0.39667394746340157,0.0022570327222799502,65.63447604485688,64.10476806598913,0.003742578138268849,0.01676599541330326,68.45252308080168,67.02827117753088,0.011401905594201652,249851.0,4,2
2026-03-02,65.71900663403716,67.21196573926295,64.81196573926294,66.01196573926295,215327,69.38924351542913,70.38924351542913,68.38924351542913,69.38924351542913,251001,0.13220687334615322,8,95.12884189602373,47.90807465192038,0.7384792656062277,0.0013811465540010115,65.75499546092057,64.31552607512029,0.003778653906566255,-0.0027477653565664006,68.74143925948019,67.23045435385076,0.010608995586513462,261233.4,0,3
2026-03-03,66.3064786861123,67.37239729563464,64.97239729563464,66.17239729563464,216329,70.19836366804188,71.19836366804188,69.19836366804188,70.19836366804188,286484,0.09449065650851839,4,116.51991837443339,54.05879549239679,0.44035519263738443,0.0024303405386436605,65.91100359762814,64.53356158857758,0.0019818029535236684,0.011660599130653981,69.17691425698017,67.54083821485496,0.010451147648734335,215373.4,1,3
2026-03-04,65.87631206387157,67.55158016746444,65.15158016746443,66.35158016746443,178011,70.712166689804,71.712166689804,69.712166689804,70.712166689804,168503,0.4769871233367204,5,98.9501529369412,49.437150465160045,0.09186718688677942,0.0027078189570384215,66.0458662331679,64.74084518944649,0.001845407638325197,0.007319301973929493,69.66265870421361,67.821837807187,0.010153600258341293,219438.8,2,3
2026-03-05,65.9302329871035,67.22020303104514,64.82020303104514,66.02020303104514,343071,68.40177281188573,69.40177281188573,67.40177281188573,68.40177281188573,308334,0.2119683223743356,12,101.4948410073951,45.44546392900022,0.4405059751672604,-0.004994261411452872,66.09541310443157,64.9073975508264,0.002739398698692746,-0.032673215743103445,69.65639618144803,67.98206127547208,0.015057117383328685,256589.2,3,3
2026-03-06,66.475672629842,67.45076496656372,65.05076496656372,66.25076496656372,110742,69.2930164429601,70.2930164429601,68.2930164429601,69.2930164429601,89667,-0.10572856395562569,11,112.03782153025446,49.13907419352438,0.507687779735764,0.0034922936454793163,66.16138223999418,65.0847652871408,0.002618281657316413,0.01302953994372924,69.59891262562417,68.15820107272432,0.014677195051618326,212696.0,4,3
2026-03-09,65.6206083309942,67.32476277413133,64.92476277413132,66.12476277413133,198029,68.41904258414527,69.41904258414527,67.41904258414527,68.41904258414527,116390,0.2045175233186215,2,105.85139457461077,52.57392118481205,0.45784219349337685,-0.0019018979251935741,66.18394164696785,65.23089728269963,0.0027933677075113873,-0.01261272641427369,69.40487243936738,68.28070605421587,0.01448856546286119,209236.4,0,3
2026-03-10,65.54878738774732,67.09882940257027,64.69882940257027,65.89882940257027,321372,68.43226584592131,69.43226584592131,67.43226584592131,68.43226584592131,341066,-0.3494159702362946,4,99.45651934865928,44.08139336117359,0.8162417117482725,-0.003416774020540525,66.12922806835499,65.360969441039,0.003122140453790489,0.00019326873450142834,69.05165287494329,68.34312822477355,0.014489183741491019,230245.0,1,3
2026-03-11,65.79757136681997,67.17126278361924,64.77126278361924,65.97126278361924,294617,68.59321327746584,69.59321327746584,67.59321327746584,68.59321327746584,290625,-0.24061815092027136,19,111.10390972357463,41.7688315551501,0.9108513490430293,0.0010991603599888045,66.05316459158594,65.47132866313635,0.0028664976218500324,0.0023519231689173026,68.62786219247565,68.41938747693753,0.014460480736861674,253566.2,2,3
2026-03-12,65.35945014257192,67.27385785968505,64.87385785968505,66.07385785968505,379968,68.43956493520209,69.43956493520209,67.43956493520209,68.43956493520209,136467,0.0832856330187775,14,125.38483229427952,59.9637140041766,0.786778675211034,0.0015551479801487744,66.06389555731393,65.58341689288478,0.002870778938863203,-0.0022399933597253563,68.63542061713892,68.53911515543513,0.014472411439231489,260945.6,3,3
2026-03-13,65.79659848117026,67.20787897256965,64.80787897256964,66.00787897256964,186497,68.3767466088306,69.3767466088306,67.3767466088306,68.3767466088306,220401,-0.5395624156869818,15,103.17410448799421,46.78786660145782,0.5827819022109597,-0.0009985626577990736,66.0153183585151,65.68637092970935,0.0028287619935540675,-0.000917865659008199,68.45216665031302,68.59037573372436,0.01323812239450144,276096.6,4,3
2026-03-16,66.32992044317082,67.47052217321938,65.07052217321937,66.27052217321938,359150,69.18395154610722,70.18395154610722,68.18395154610722,69.18395154610722,96577,-0.009290196233470759,4,101.16760087872566,49.31323506540239,0.5414499605548907,0.003978967431431668,66.0444702383327,65.79408090827611,0.0030652731338627072,0.011805255109525348,68.6051484427054,68.71699673662334,0.013889601550332881,308320.8,0,3
2026-03-17,65.86325900558548,67.26303347637969,64.86303347637968,66.06303347637969,403977,68.33300242534784,69.33300242534784,67.33300242534784,68.33300242534784,294991,-0.2550658230296052,2,101.70627083619081,48.01102297087213,0.644616030123659,-0.003130934992444323,66.0773110530946,65.85264865545582,0.0031581007993196713,-0.012299805110037254,68.58529575859072,68.7563728223928,0.01367970328397175,324841.8,1,3
2026-03-18,65.9211066388562,67.25679488532207,64.85679488532206,66.05679488532206,255221,69.56207106080464,70.56207106080464,68.56207106080464,69.56207106080464,321880,0.025326763788315887,6,113.10429500831518,52.74043852041071,0.2878302964393745,-9.44339175683595e-05,66.09441747343517,65.89726951985884,0.002995403686435605,0.017986457375402498,68.77906731525847,68.81684292496672,0.014900909519759855,316962.6,2,3
2026-03-19,66.0013722900933,67.2113231255466,64.8113231255466,66.0113231255466,202724,68.46067100309608,69.46067100309608,67.46067100309608,68.46067100309608,169087,-0.26943408951181586,17,94.00802264967078,58.86394961545522,0.8118468461486851,-0.0006883736919783834,66.08191052660747,65.94281148500363,0.0025435767079263235,-0.015833341947881663,68.78328852883729,68.84960470658089,0.01157065920176714,281513.8,3,3
2026-03-20,65.7534094622589,67.28128119347507,64.88128119347506,66.08128119347506,322004,70.7670225755329,71.7670225755329,69.7670225755329,70.7670225755329,192013,0.10606203436379719,10,97.21682440288339,52.89966920864642,0.8568481776036609,0.0010597889061458865,66.09659097078855,65.97694190353869,0.002273325780084925,0.033688708256051525,69.26134372217774,68.94123651972916,0.015352733149825047,308615.2,4,3
2026-03-23,66.56618843028903,67.4206571473556,65.02065714735559,66.2206571473556,331544,68.94982647677696,69.94982647677696,67.94982647677696,68.94982647677696,155781,0.004831855916847405,15,84.62557050873359,42.408174262300044,0.26721716318183053,0.002109159377108094,66.0866179656158,66.01750632795923,0.0023038738615402525,-0.02567857220241765,69.21451870831167,68.99149471246616,0.017199491341286646,303094.0,0,3
2026-03-24,66.79916387060997,67.28117480820909,64.88117480820908,66.08117480820908,137639,69.12438539335932,70.12438539335932,68.12438539335932,69.12438539335932,204586,0.3500914792203326,10,88.16132137360026,43.07938286495735,0.9028182081400776,-0.002106326713673834,66.09024623198168,66.05194723776485,0.0021075250759391736,0.002531680288436311,69.372795301914,69.04666454810703,0.01720462602497095,249826.4,1,3
2026-03-25,66.08269485116527,67.514885047263,65.11488504726299,66.31488504726299,326045,68.53768033658336,69.53768033658336,67.53768033658336,68.53768033658336,167140,0.0016836335254055302,10,94.8219999730203,48.005176123365416,0.8487327239916674,0.0035367143476521257,66.14186426436987,66.08382814063972,0.0023410338231801935,-0.008487671223942894,69.16791715706972,69.05937634225437,0.01745933046923078,263991.2,2,3
2026-03-26,66.64736234396213,67.60476322822328,65.20476322822327,66.40476322822327,161721,70.42841828309986,71.42841828309986,69.42841828309986,70.42841828309986,159061,-0.19216070124036658,12,99.44063005939577,48.65883400233367,0.42448676748251024,0.001355324387522172,66.2205522849052,66.11544286831455,0.0023320720851476855,0.02758683890717073,69.56146661307048,69.15914298512368,0.019457064439863208,255790.6,3,3
2026-03-27,65.9515307553828,67.27133933310013,64.87133933310012,66.07133933310013,327530,69.74303974158188,70.74303974158188,68.74303974158188,69.74303974158188,217665,-0.061721463956820724,19,117.6908332577012,41.390243652266996,0.9090002020927456,-0.005021084014368293,66.2185639128302,66.12296387053202,0.0028979457621682242,-0.009731562318537001,69.35667004628029,69.1672732610988,0.01985179505305318,256895.8,4,3
2026-03-30,65.90519342398206,66.9224497514628,64.5224497514628,65.7224497514628,472717,68.90059927390448,69.90059927390448,67.90059927390448,68.90059927390448,354937,-0.33605909925418287,9,105.35992804925225,54.0967046008722,0.12043899381150813,-0.005280498097342767,66.11892243365165,66.108488071142,0.0029983363501900114,-0.012079204904158036,69.34682460570579,69.14284104902256,0.01999824505248012,285130.4,0,3
2026-03-31,66.57573776941464,66.99284800381302,64.59284800381302,65.79284800381302,314828,67.98476647454528,68.98476647454528,66.98476647454528,67.98476647454528,324074,0.10153431367636,12,90.87921489810206,44.56839721059261,0.027986559208900363,0.0010711446791231705,66.06125707277245,66.08951060655093,0.0029331710458367277,-0.013292087572684741,69.11890082194297,69.03216118934773,0.02006712195323783,320568.2,1,3
2026-04-01,66.07136502729539,67.01703525578634,64.61703525578633,65.81703525578634,404603,68.94343538242111,69.94343538242111,67.94343538242111,68.94343538242111,175145,0.14746256157881807,18,92.72019514635885,57.46650781062878,0.34786682559405435,0.000367627374512125,65.96168711447712,66.06278336096702,0.0029422473741589697,0.014101231166760986,69.20005183111053,68.9437246239786,0.019707460437363208,336279.8,2,4
2026-04-02,64.97872689474907,67.06543416415391,64.66543416415391,65.86543416415391,223881,68.19257553654356,69.19257553654356,67.19257553654356,68.19257553654356,381710,0.6172990091732045,8,113.74748683230655,59.10316298602861,0.565435698827345,0.0007353553404445545,65.85382130166325,66.05504491762247,0.0029589724223643876,-0.010890954906912054,68.75288328179927,68.93326476021149,0.01934494629046856,348711.8,3,4
2026-04-03,66.15591195171429,67.12891413599081,64.7289141359908,65.92891413599081,469095,69.80632729407482,70.80632729407482,68.80632729407482,69.80632729407482,147261,-0.1554589976511012,16,111.26610348629193,48.75873233683912,0.3514426145328662,0.000963782788992118,65.82533626224138,66.03895237609382,0.0029545208838347384,0.023664625435161568,68.76554079229784,68.95893030276723,0.01757070066978684,377024.8,4,4
2026-04-06,66.66234331345792,67.24591144180343,64.84591144180342,66.04591144180343,425103,69.53142828091534,70.53142828091534,68.53142828091534,69.53142828091534,371437,-0.06694864341879568,11,100.28149910224204,52.19486320209092,0.9420677336713595,0.001774597797429056,65.8900286003095,66.03500980947743,0.0029268941274330188,-0.0039380242997373305,68.89170659370002,69.01454958760573,0.015422910487597216,367502.0,0,4
2026-04-07,66.20680053569743,67.51759862069648,65.11759862069647,66.31759862069647,466672,69.37486204378911,70.37486204378911,68.37486204378911,69.37486204378911,178959,-0.1439396311095539,17,95.57473534461168,43.84026388957899,0.25471022905514507,0.004113610864957762,65.9949787236862,66.05594827038372,0.0031438715134468956,-0.002251733367157116,69.16972570754879,69.0616793974991,0.015442449369830004,397870.8,1,4
2026-04-08,66.64109762848882,67.34328022542991,64.9432802254299,66.1432802254299,396638,67.68145482748152,68.68145482748152,66.68145482748152,67.68145482748152,252884,0.05302842528280602,9,111.24932835704642,53.118381632395575,0.28121339359267894,-0.0026285390136573383,66.06022771761491,66.06454914247425,0.0030553160905637997,-0.024409521927967526,68.91732959656088,69.0160914749999,0.017190321370658235,396277.8,2,4
2026-04-09,65.60940982092157,67.15446759149755,64.75446759149754,65.95446759149755,359757,68.36441800430212,69.36441800430212,67.36441800430212,68.36441800430212,145007,0.09542263361990341,12,90.06672873275313,47.50903788282815,0.6348276125448551,-0.0028546003961225086,66.07803440308363,66.0585796290649,0.0030985328397686073,0.010090846577714085,68.95169809011257,69.01233412845491,0.014645486599954122,423453.0,3,4
2026-04-10,65.03849448718057,66.9812640669417,64.5812640669417,65.7812640669417,310000,69.19392074590162,70.19392074590162,68.19392074590162,69.19392074590162,323847,-0.013343711107127693,7,103.92030398057523,44.56382339205823,0.0038638823417082024,-0.002626107538743483,66.0485043892738,66.0472488837835,0.002803907107539206,0.01213354499042607,68.82921678047794,69.05319283530845,0.01513197001966022,391634.0,4,4
2026-04-13,65.97579911650044,67.10521460708412,64.70521460708412,65.90521460708412,471295,69.632944822118,70.632944822118,68.632944822118,69.632944822118,181649,0.27158147921825804,13,122.7265899089333,48.553325058735076,0.7275570523545992,0.001884283342689752,66.02036502232994,66.02898350547673,0.0022983906316985637,0.006344835955005346,68.84952008871848,69.075642499109,0.014706435546722178,400872.4,0,4
2026-04-14,65.35598914070397,67.43422750107713,65.03422750107713,66.23422750107713,439276,69.89972938797241,70.89972938797241,68.89972938797241,69.89972938797241,359222,-0.15424487593869438,7,102.05355682251458,47.671259957973184,0.3774694830931572,0.004992213377265076,66.00369079840608,66.0375432067116,0.002740317429790998,0.0038312980520345263,68.95449355755514,69.15397884724023,0.01380670914882697,395393.2,1,4
2026-04-15,66.07980697645267,67.39969248289947,64.99969248289946,66.19969248289947,266681,68.2444846815546,69.2444846815546,67.2444846815546,68.2444846815546,106539,0.24654351197267801,12,92.24390520738396,48.37420298498123,0.977747867643296,-0.0005214074275585734,66.01497324989998,66.04468808659047,0.002765602049802335,-0.023680273456146428,69.06709952836977,69.08809952827771,0.0154613459966661,369401.8,2,4
2026-04-16,66.3598818346239,66.91646070330115,64.51646070330115,65.71646070330115,134260,68.8973920873889,69.8973920873889,67.8973920873889,68.8973920873889,240640,0.13462446341027062,15,104.10368702671538,54.7483995140818,0.6914175930297486,-0.007299607618617587,65.96737187226071,66.0299449654782,0.0037192942123510523,0.009567182005709718,69.17369434498711,69.10993558249235,0.015347092537619858,324302.4,3,4
2026-04-17,64.44912505125778,66.60400650413092,64.20400650413092,65.40400650413092,101446,69.01331563402067,70.01331563402067,68.01331563402067,69.01331563402067,130729,-0.003007479974736631,9,95.29991280984652,46.07346203682134,0.052214955082343084,-0.004754580447978052,65.89192035969856,65.99608123101099,0.0039495066725079775,0.0016825534772744177,69.13757332261092,69.02225023541675,0.013183348545749124,282591.6,4,4
2026-04-20,64.63837584587837,66.47812424383532,64.07812424383532,65.27812424383532,193392,67.28312290448598,68.28312290448598,66.28312290448598,67.28312290448598,364466,-0.07873416018928636,9,86.05884156246586,58.675114998869375,0.09262780874197363,-0.0019246872940061888,65.7665022870488,65.94895458583498,0.003854498244246263,-0.025070418855253185,68.66760893908452,68.93891505680219,0.01523023924700152,227011.0,0,4
2026-04-21,64.69411107398585,66.41012719656665,64.01012719656664,65.21012719656665,125028,68.2053844873427,69.2053844873427,67.2053844873427,68.2053844873427,213456,0.6066669396828424,7,107.01036026872107,43.37470183587323,0.08816810692415855,-0.0010416513656962278,65.5616822261467,65.90540220525286,0.003386898731460935,0.01370717563401369,68.32873995895856,68.89296501150136,0.016146433193371605,164161.4,1,4
2026-04-22,65.14112052503015,66.37278045488563,63.97278045488562,65.17278045488563,184600,68.3370858938707,69.3370858938707,67.3370858938707,68.3370858938707,295831,-0.20425216268551985,14,111.17834400549722,58.07715136589297,0.9526222598919437,-0.0005727138296854895,65.35629982054394,65.84829697563399,0.0033851481658291483,0.0019309532160534104,68.34726020142179,68.88293528936573,0.014016411151611367,147745.2,2,4
2026-04-23,65.04748847822363,66.43034687104674,64.03034687104673,65.23034687104673,143794,68.04988812013869,69.04988812013869,67.04988812013869,68.04988812013869,361429,0.07448329424210366,12,96.89093327927428,44.91744689046653,0.6840515412175877,0.00088328924681913,65.25907705409305,65.78957615777516,0.003421676356310902,-0.004202663458287237,68.17775940797175,68.76400878121767,0.013718069689218114,149652.0,3,4
2026-04-24,65.91015412828601,66.41058593743797,64.01058593743797,65.21058593743797,492420,67.09928882419725,68.09928882419725,66.09928882419725,67.09928882419725,251403,-0.18755476756053313,10,96.22764325903727,49.99493383731692,0.4276060072889357,-0.0003029408021979485,65.22039294075446,65.74653848799205,0.003385074566441501,-0.013969152958241637,67.79495404600706,68.63182123534844,0.013555813811260397,227846.8,4,4
2026-04-27,65.96031361847236,66.68313945392651,64.28313945392651,65.48313945392651,138141,68.28772058788228,69.28772058788228,67.28772058788228,68.28772058788228,98333,0.44640518715532645,1,90.38434608878171,47.5490194326099,0.20048268988003104,0.004179590055363613,65.26139598277271,65.73457297311523,0.0036590016396952046,0.017711540383069657,67.99587358268631,68.60117730104733,0.014840787968403053,216796.6,0,4
2026-04-28,65.62894957246911,66.58131309943481,64.1813130994348,65.3813130994348,350756,68.18492984128179,69.18492984128179,67.18492984128179,68.18492984128179,150630,0.2217065821998009,3,98.50064399532434,48.281356642310726,0.8736397464358032,-0.0015550011093061755,65.29563316334634,65.71399622789633,0.003079908800066399,-0.001505259594485997,67.99178265347413,68.61118546938417,0.014709193825409392,261942.2,1,4
2026-04-29,65.31033636082478,66.43752120365284,64.03752120365283,65.23752120365283,240680,68.14867776092419,69.14867776092419,67.14867776092419,68.14867776092419,148055,-0.16958746971028602,1,94.37631617076809,54.00678618177774,0.20155592767134045,-0.0021992812466657963,65.30858131309978,65.68502052528966,0.003079029737297715,-0.0005316729142639254,67.95410102688484,68.57144758830931,0.012664489530020742,273158.2,2,4
2026-04-30,65.57829642048398,66.58168153199156,64.18168153199156,65.38168153199156,169686,68.04359867673652,69.04359867673652,67.04359867673652,68.04359867673652,372538,0.1281487483578071,17,89.88967313296745,57.49913398614405,0.7066792164758174,0.0022097763017190353,65.33884824528874,65.66083289368153,0.0024860411836368293,-0.0015419093611220847,67.9528431382044,68.56399874531897,0.01220427369295898,278336.6,3,4
2026-05-01,64.65794919840212,66.28894037605882,63.88894037605881,65.08894037605882,380508,67.82313308411393,68.82313308411393,66.82313308411393,67.82313308411393,370670,0.06442393031913884,17,118.92168830399606,55.95262352477821,0.763324361545346,-0.004477418583820114,65.31451913301291,65.61883420568493,0.0024344441225453337,-0.0032400636784363224,68.09761199018774,68.46483903482091,0.012175275832651081,255954.2,4,5
